<?xml version='1.0' encoding='UTF-8'?>
<!DOCTYPE DynamicScope PUBLIC "sailpoint.dtd" "sailpoint.dtd">
<!-- Copyright © 2018 SailPoint Technologies, Inc. All Rights Reserved.
All logos, text, content, and works of authorship, including but not limited to underlying code, programming or scripting language, designs, and/or graphics,
that are used and/or depicted herein are protected under United States and international copyright and trademark laws and treaties,
and may not be used or reproduced without the prior express written permission of SailPoint Technologies, Inc. -->
<DynamicScope name="ROAD">
  <Description>This Dynamic Scope will allow anyone  that belongs to the Workgroup access to the QuickLinks</Description>
  <PopulationRequestAuthority>
    <MatchConfig customControl="(correlated == true)" enableCustomControl="true" matchAll="true"/>
  </PopulationRequestAuthority>
  <Selector>
    <IdentitySelector>
      <MatchExpression>
        <MatchTerm name="workgroups" value="ROAD"/>
      </MatchExpression>
    </IdentitySelector>
  </Selector>
</DynamicScope>
