<?xml version='1.0' encoding='UTF-8'?>
<!DOCTYPE sailpoint PUBLIC "sailpoint.dtd" "sailpoint.dtd">
<!-- Copyright © 2018 SailPoint Technologies, Inc. All Rights Reserved.
All logos, text, content, and works of authorship, including but not limited to underlying code, programming or scripting language, designs, and/or graphics,
that are used and/or depicted herein are protected under United States and international copyright and trademark laws and treaties,
and may not be used or reproduced without the prior express written permission of SailPoint Technologies, Inc. -->
<sailpoint>
<ImportAction name='merge'>
<ObjectConfig name="Application">
	<!-- JOINER REVERSE LOA -->
	<ObjectAttribute categoryName="Joiner" defaultValue="" displayName="Return To Work From Leave of Absence Options"
		editMode="Permanent" namedColumn="true" name="rtwloaProcess" required="true">
		<AllowedValues>
			<String>Do Nothing</String>
			<String>Enable Immediately</String>
			<String>Unlock Only</String>
			<String>Extended Rule</String>
		</AllowedValues>
	<Description>This is a reverse of LOA, Pending X Days Requests will be removed</Description>
	</ObjectAttribute>
	<ObjectAttribute defaultValue="" categoryName="Joiner"
		displayName="Return To Work From Leave of Absence Extended Rule" editMode="Permanent" name="rtwLOAExtendedRule">
		<Description>This rule will be executed in case selected Return To Work from Leave of Absence Options is Extended Rule</Description>
	</ObjectAttribute>
	</ObjectConfig>
	</ImportAction>
</sailpoint>
