<?xml version='1.0' encoding='UTF-8'?>
<!DOCTYPE Bundle PUBLIC "sailpoint.dtd" "sailpoint.dtd">
<!-- Copyright © 2018 SailPoint Technologies, Inc. All Rights Reserved.
All logos, text, content, and works of authorship, including but not limited to underlying code, programming or scripting language, designs, and/or graphics,
that are used and/or depicted herein are protected under United States and international copyright and trademark laws and treaties,
and may not be used or reproduced without the prior express written permission of SailPoint Technologies, Inc. -->
<Bundle created="" id="" modified="" displayName="Read Only IdentityIQ Access" name="Read Only IdentityIQ Access" type="business">
  <Attributes>
    <Map>
      <entry key="accountSelectorRules"/>
      <entry key="allowDuplicateAccounts" value="false"/>
      <entry key="allowMultipleAssignments" value="false"/>
      <entry key="appName" value="IdentityIQ Access"/>
      <entry key="isBirthright" value="false"/>
      <entry key="mergeTemplates" value="false"/>
      <entry key="roleBusApprovalRule"/>
      <entry key="additionalRoleBusApprovalRule"/>
      <entry key="roleBusApprovers" value="IdentityIQ Read Only Access Approvers"/>
      <entry key="additionalRoleBusApprovers"/>
      <entry key="rolePrivileged" value=""/>
      <entry key="sysDescriptions">
        <value>
          <Map>
            <entry key="en_US"/>
          </Map>
        </value>
      </entry>
    </Map>
  </Attributes>
  <Inheritance>
    <Reference class="sailpoint.object.Bundle" id="" name="Business Application Roles"/>
  </Inheritance>
  <Owner>
    <Reference class="sailpoint.object.Identity" id="" name="spadmin"/>
  </Owner>
  <Requirements>
    <Reference class="sailpoint.object.Bundle" id="" name="Read Only IdentityIQ Access IT"/>
  </Requirements>
</Bundle>
