<?xml version='1.0' encoding='UTF-8'?>
<!DOCTYPE Workflow PUBLIC "sailpoint.dtd" "sailpoint.dtd">
<!-- Copyright © 2018 SailPoint Technologies, Inc. All Rights Reserved.
All logos, text, content, and works of authorship, including but not limited to underlying code, programming or scripting language, designs, and/or graphics,
that are used and/or depicted herein are protected under United States and international copyright and trademark laws and treaties,
and may not be used or reproduced without the prior express written permission of SailPoint Technologies, Inc. -->
<Workflow explicitTransitions="true" name="Workflow-QuickLink-Terminate-Identity" type="LCMProvisioning">
 <Description>Accelerator Pack Immediate Termination Workflow</Description>
  <Variable initializer="false" name="trace">
    <Description>
      Used for debugging this workflow and when set to true trace
      will be sent to stdout.
    </Description>
  </Variable>
  <Variable input="true" name="identityName">
    <Description>The name of the identity.</Description>
  </Variable>
  	<Variable input="true" name="quickLinkIdentityId">
    <Description>QL ID</Description>
  </Variable>
  <Variable input="true" name="quickLinkIdentityIds">
    <Description>QL ID</Description>
  </Variable>
  <Variable name="flow" initializer="AccessRequest">
    <Description>The name of the identity.</Description>
  </Variable>
  <Variable name="source" initializer="string:LCM">
    <Description>The name of the identity.</Description>
  </Variable>
  <Variable initializer="script:resolveDisplayName(identityName)" input="true" name="identityDisplayName">
    <Description>
      The displayName of the identity being updated.
      Query for this using a projection query and fall back to the name.
    </Description>
  </Variable>
  <Variable name="approvalSet" />
  <Variable name="spExtAttrs" />
  <Variable name="foregroundProvisioning" initializer="string:false" />
  <Variable name="leaver"/>
  <Variable name="reasonComments"/>
  <Variable initializer="string:true" name="transient">
    <Description>Set to false to cause workflow-related objects, such as approval
      work items, to be saved in the database even if they are only
      viewed.</Description>
  </Variable>
  <Variable editable="true" name="requestType" input="true" initializer="string:IMMEDIATE TERMINATION FEATURE">
  </Variable>
  <Step icon="Start"  name="Start" posX="28" posY="10">
     <Transition to="Find Identity" />
  </Step>
<Step name="Find Identity">
	<Script>
	<Source><![CDATA[
				import sailpoint.object.Identity;
				if (quickLinkIdentityId != null) 
				{
					Identity user = context.getObjectById(Identity.class,quickLinkIdentityId);
					if (user != null)
					{
						workflow.put("leaver",user.getId());
						context.decache(user);
					}
				}
			       	]]>
				</Source>
		</Script>
		<Transition to="Confirm Identity" />
	</Step>
  <Step name="Confirm Identity">
    <Approval description="Confirm Identity" owner="ref:requester" send="leaver" return="reasonComments">
      <Form>
        <Attributes>
          <Map>
            <entry key="pageTitle" value="Terminate Identity - Confirmation"/>
          </Map>
        </Attributes>
		<Section label="Confirm" type="text">
			<Field value="Confirm this is what you want to process.  Click the Back button to change your selection." />
		</Section>
		 <Section>
          <Field displayName="Reason" required="true" displayType="textarea" name="reasonComments"/>
        </Section>
		<Section label="Info" columns="2" type="datatable">
			<Field displayName="Full name" readOnly="true">
			<Script>
				<Source>
				<![CDATA[
					import sailpoint.object.Identity;
					String retVal = "";
					Identity cube=context.getObjectById(Identity.class, leaver);
					if (cube!=null && cube.getDisplayName() != null) 
					{
						retVal = cube.getDisplayName();
						context.decache(cube);
					}
					return retVal;
						]]>
				</Source>
			</Script>
			</Field>
          	<Field displayName="Email" readOnly="true">
          	<Script>
				<Source>
				<![CDATA[
					import sailpoint.object.Identity;
					String retVal = "";
					Identity cube=context.getObjectById(Identity.class, leaver);
					if (cube!=null && cube.getEmail() != null) 
					{
						retVal = cube.getEmail();
						context.decache(cube);
					}
					return retVal;
					]]>
				</Source>
			</Script>
			</Field>
		</Section>
		<Section label="Manager Info" columns="2" type="datatable">
			<Field displayName="Manager" readOnly="true">
				<Script>
					<Source>
					<![CDATA[
						import sailpoint.object.Identity;
						String retVal = "";
						Identity cube=context.getObjectById(Identity.class, leaver);
						if (cube!=null && cube.getManager()!=null && cube.getManager().getDisplayName() != null) 
						{
							retVal = cube.getManager().getDisplayName();
							context.decache(cube);
						}
						return retVal;
						]]>
					</Source>
				</Script>
			</Field>
		</Section>
	    <Button action="back" label="Cancel"/>
        <Button action="next" label="Terminate Now"/>
      </Form>
    </Approval>
    <Transition to="Process Workflow" when="script:approved"/>
    <Transition to="end"/>
  </Step>
  <Step icon="Task" name="Process Workflow" posX="642" posY="10">
		<Arg name="trigger" value="ref:flow" />
		<Arg name="event" value="ref:source" />
		<Arg name="identityName" value="ref:identityName">
			<Script>
				<Source>
				<![CDATA[
						import sailpoint.object.Identity;
						String retVal = "";
						Identity cube=context.getObjectById(Identity.class, leaver);
						if (cube!=null && cube.getName() != null) 
						{
							retVal = cube.getName();
							context.decache(cube);
						}
						return retVal;
					]]>
				</Source>
			</Script>
		</Arg>
		<Arg name="identityDisplayName" value="ref:identityDisplayName" />
		<Arg name="launcher" value="ref:launcher" />
		<Arg name="trace" value="ref:trace" />
		<Arg name="requestType" value="ref:requestType" />
		<Arg name="requestor" value="ref:requestor" />
		<Arg name="reasonComments" value="ref:reasonComments" />
		<Arg name="flow" value="ref:flow" />
		<Arg name="foregroundProvisioning" value="ref:foregroundProvisioning" />
		<WorkflowRef>
			<Reference class="sailpoint.object.Workflow" name="Workflow-Lifecycle-Leaver" />
		</WorkflowRef>
    	<Transition to="end"/>
  </Step>
  <Step icon="Stop" name="end" posX="1446" posY="10"/>
</Workflow>
