<?xml version='1.0' encoding='UTF-8'?>
<!DOCTYPE CertificationDefinition PUBLIC "sailpoint.dtd" "sailpoint.dtd">
<!-- Copyright © 2018 SailPoint Technologies, Inc. All Rights Reserved.
All logos, text, content, and works of authorship, including but not limited to underlying code, programming or scripting language, designs, and/or graphics,
that are used and/or depicted herein are protected under United States and international copyright and trademark laws and treaties,
and may not be used or reproduced without the prior express written permission of SailPoint Technologies, Inc. -->
<CertificationDefinition created="" id="##MOVERCERTDEF001##" modified="" name="MOVER CERTIFICATION TEMPLATE">
  <Attributes>
    <Map>
      <entry key="activePeriodDurationAmount" value="30"/>
      <entry key="activePeriodDurationScale" value="Day"/>
      <entry key="allowCertificationEntityBulkAccountRevocation" value="true"/>
      <entry key="allowCertificationEntityBulkApprove" value="true"/>
      <entry key="allowCertificationEntityBulkClearDecisions" value="true"/>
      <entry key="allowCertificationEntityBulkRevocation" value="true"/>
      <entry key="allowEntityBulkApprove" value="false"/>
      <entry key="allowListViewBulkAccountRevoke" value="true"/>
      <entry key="allowListViewBulkApprove" value="false"/>
      <entry key="allowListViewBulkClearDecisions" value="true"/>
      <entry key="allowListViewBulkMitigate" value="false"/>
      <entry key="allowListViewBulkReassign" value="true"/>
      <entry key="allowListViewBulkRevoke" value="true"/>
      <entry key="allowProvisioningMissingRequirements" value="false"/>
      <entry key="assimilateBulkReassignments" value="false"/>
      <entry key="autoSignOffWhenNothingToCertify" value="true"/>
      <entry key="automateSignOffOnReassignment" value="false"/>
      <entry key="automateSignoffPopup" value="true"/>
      <entry key="automaticClosingAction">
        <value>
          <CertificationStatus>Approved</CertificationStatus>
        </value>
      </entry>
      <entry key="automaticClosingComments" value="Auto Closed By IdentityIQ"/>
      <entry key="automaticClosingDurationAmount" value="7"/>
      <entry key="automaticClosingDurationScale" value="Day"/>
      <entry key="automaticClosingEnabled" value="true"/>
      <entry key="automaticClosingRuleName"/>
      <entry key="automaticClosingSigner" value="DEMO2"/>
      <entry key="bulkReassignmentEmailTemplate" value="EmailTemplate-FrameworkAccessReviewBulkReassignment"/>
      <entry key="certification.remindersAndEscalations">
        <value>
          <NotificationConfig enabled="true" reminderFrequency="259200000" remindersEnabled="true">
            <Configs>
              <ReminderConfig emailTemplateName="EmailTemplate-FrameworkAccessReviewReminder" enabled="true" frequency="259200000" millis="259200000"/>
              <ReminderConfig additionalRecipientsPresent="true" additionalRecipientsRuleName="Rule-FrameworkEmailRecipientCcFirstManager" before="true" emailTemplateName="EmailTemplate-FrameworkAccessReviewDelinquent" enabled="true" millis="259200000" once="true"/>
            </Configs>
          </NotificationConfig>
        </value>
      </entry>
      <entry key="certificationActivePhaseEnterRule"/>
      <entry key="certificationChallengePhaseEnterRule"/>
      <entry key="certificationDecisionChallengedEmailTemplate" value="EmailTemplate-Framework-CertificationDecisionChallengedNotification"/>
      <entry key="challengeDecisionExpirationEmailTemplate" value="EmailTemplate-Framework-ChallengeDecisionExpiration"/>
      <entry key="challengeExpirationEmailTemplate" value="EmailTemplate-Framework-ChallengeExpiration"/>
      <entry key="certificationDelegationReview" value="false"/>
      <entry key="certificationDisableDelegationForwarding" value="true"/>
      <entry key="certificationEmailTemplate" value="EmailTemplate-FrameworkAccessReviewStart"/>
      <entry key="certificationEntityDelegationEnabled" value="true"/>
      <entry key="certificationFinishPhaseEnterRule"/>
      <entry key="certificationItemDelegationEnabled" value="true"/>
      <entry key="certificationLimitReassignments" value="true"/>
      <entry key="certificationMitigationEnabled" value="true"/>
      <entry key="certificationMitigationPopupEnabled" value="true"/>
      <entry key="certificationNameTemplate" value="Manager Mover Certification${fullDate}"/>
      <entry key="certificationReassignmentLimit" value="3"/>
      <entry key="certificationRemediationPhaseEnterRule"/>
      <entry key="certificationRequired.remindersAndEscalations">
        <value>
          <NotificationConfig>
            <Configs>
              <ReminderConfig before="true" emailTemplateName="EmailTemplate-FrameworkAccessReviewReminder" millis="1209600000" once="true"/>
              <EscalationConfig before="true" emailTemplateName="EmailTemplate-FrameworkAccessReviewDelinquent" millis="604800000"/>
            </Configs>
          </NotificationConfig>
        </value>
      </entry>
      <entry key="certificationRequiredDurationAmount" value="1"/>
      <entry key="certificationRequiredDurationScale" value="Month"/>
      <entry key="certificationSignOffApprovalEmailTemplate" value="Certification Sign Off Approval"/>
      <entry key="certificationSignatureType"/>
      <entry key="certificationType">
        <value>
          <CertificationType>Identity</CertificationType>
        </value>
      </entry>
      <entry key="certifiedDurationAmount" value="11"/>
      <entry key="certifiedDurationScale" value="Month"/>
  	  <entry key="certifier" value="No Manager Found"/>
      <entry key="certifierType" value="Manager"/>
      <entry key="certifyAccounts" value="false"/>
      <entry key="certifyEmptyAccounts" value="true"/>
      <entry key="challengeAcceptedEmailTemplate" value="EmailTemplate-Framework-ChallengeAccepted"/>
      <entry key="challengeGenerationEmailTemplate" value="EmailTemplate-Framework-ChallengeCreationNotification"/>
      <entry key="challengePeriodDurationAmount" value="1"/>
      <entry key="challengePeriodDurationScale" value="Week"/>
      <entry key="challengePeriodEnabled" value="false"/>
      <entry key="challengePeriodEndEmailTemplate" value="EmailTemplate-Framework-ChallengePeriodEnd"/>
      <entry key="challengePeriodStartEmailTemplate" value="EmailTemplate-Framework-ChallengePeriodStart"/>
      <entry key="challengeRejectedEmailTemplate" value="EmailTemplate-Framework-ChallengeRejected"/>
      <entry key="completeCertificationHierarchyEnabled" value="false"/>
      <entry key="continuous" value="false"/>
      <entry key="delegationEmailTemplate" value="EmailTemplate-FrameworkAccessReviewDelegation"/>
      <entry key="delegationFinishedEmailTemplate" value="EmailTemplate-FrameworkAccessReviewDelegationCompletion"/>
      <entry key="displayEntitlementDescriptions" value="true"/>
      <entry key="electronicSignatureRequired" value="false"/>
      <entry key="enableAccountRevokeAction" value="true"/>
      <entry key="enableEntitlementAssignments" value="true"/>
      <entry key="entitlementGranularity" value="Value"/>
      <entry key="excludeBaseAppAccounts" value="false"/>
      <entry key="excludeInactive" value="false"/>
      <entry key="exclusionRuleName" value="Rule-FrameWorkCertificationExclusion"/>
      <entry key="filterLogicalEntitlements">
        <value>
          <Boolean></Boolean>
        </value>
      </entry>
      <entry key="flattenManagerCertificationHierarchy" value="false"/>
      <entry key="identities" value=""/>
      <entry key="includeAdditionalEntitlements" value="true"/>
      <entry key="includeCapabilities" value="false"/>
      <entry key="includePolicyViolations" value="false"/>
      <entry key="includeRoleHierarchy" value="false"/>
      <entry key="includeRoles" value="true"/>
      <entry key="includeScopes" value="false"/>
      <entry key="mitigationDurationAmount" value="30"/>
      <entry key="mitigationDurationScale" value="Day"/>
      <entry key="mitigationExpirationEmailTemplate" value="EmailTemplate-Framework-MitigationExpiration"/>
      <entry key="nameTemplate" value="Manager Mover Certification${fullDate}"/>
      <entry key="notifyRemediation">
        <value>
          <Boolean></Boolean>
        </value>
      </entry>
      <entry key="overdue.remindersAndEscalations">
        <value>
          <NotificationConfig>
            <Configs>
              <ReminderConfig before="true" emailTemplateName="EmailTemplate-FrameworkAccessReviewReminder" millis="1209600000" once="true"/>
              <EscalationConfig before="true" emailTemplateName="EmailTemplate-FrameworkAccessReviewDelinquent" millis="604800000"/>
            </Configs>
          </NotificationConfig>
        </value>
      </entry>
      <entry key="preDelegationRuleName"/>
      <entry key="processRevokesImmediately" value="false"/>
      <entry key="remediation.remindersAndEscalations">
        <value>
          <NotificationConfig>
            <Configs>
              <ReminderConfig before="true" emailTemplateName="EmailTemplate-FrameworkAccessReviewReminder" millis="1209600000" once="true"/>
              <EscalationConfig before="true" emailTemplateName="EmailTemplate-FrameworkAccessReviewDelinquent" maxReminders="5" millis="604800000"/>
            </Configs>
          </NotificationConfig>
        </value>
      </entry>
      <entry key="remediationPeriodDurationAmount" value="30"/>
      <entry key="remediationPeriodDurationScale" value="Day"/>
      <entry key="remediationPeriodEnabled" value="true"/>
      <entry key="requireApprovalComments" value="false"/>
      <entry key="requireBulkCertifyConfirmation" value="true"/>
      <entry key="requireMitigationComments" value="true"/>
      <entry key="requireReassignmentCompletion" value="false"/>
      <entry key="saveExclusions" value="false"/>
      <entry key="sendPreDelegationCompleteEmails" value="true"/>
      <entry key="shortNameTemplate" value="Manager Mover Certification${fullDate}"/>
      <entry key="signOffApproverRuleName"/>
      <entry key="subordinateCertificationEnabled" value="true"/>
      <entry key="suppressEmailWhenNothingToCertify" value="true"/>
      <entry key="suppressInitialNotification" value="false"/>
      <entry key="triggerId" value="##MOVERCERTRIG001##"/>
      <entry key="certOwner" value="spadmin"/>
    </Map>
  </Attributes>
  <Description>Individual Certification</Description>
  <Owner>
    <Reference class="sailpoint.object.Identity" id="" name="spadmin"/>
  </Owner>
  <Tags>
    <Reference class="sailpoint.object.Tag" id="" name="MOVER FEATURE"/>
  </Tags>
</CertificationDefinition>
