<?xml version="1.0" encoding="UTF-8"?>
<!DOCTYPE Custom PUBLIC "sailpoint.dtd" "sailpoint.dtd">
<!-- Copyright © 2018 SailPoint Technologies, Inc. All Rights Reserved.
All logos, text, content, and works of authorship, including but not limited to underlying code, programming or scripting language, designs, and/or graphics,
that are used and/or depicted herein are protected under United States and international copyright and trademark laws and treaties,
and may not be used or reproduced without the prior express written permission of SailPoint Technologies, Inc. -->
<Custom name="Custom-Mover-Settings">
  <Attributes>
    <Map>
      <entry key="MOVER SETTINGS">
       <value>
         <Map>
            <entry key="certificationSettingsMappings">
              <value>
                <Map>
                  <entry key="MOVER FEATURE">
                    <value>
                      <List>
                        <Map>
                          <!--Certification Name Start-->
                          <entry key="certificationNamePrefix" value="Mover Event For "/>
                          <entry key="certificationNameSuffix" value=" Assigned To"/>
                          <!--Certification Name End-->
                          <!-- Staging Start -->
                          <entry key="stagingEnabled" value="true"/>
                           <!-- Staging End -->
                         </Map>
                      </List>
                    </value>
                  </entry>
                 </Map>
               </value>
            </entry>
          </Map>
        </value>
      </entry>
    </Map>
  </Attributes>
</Custom>
