<?xml version='1.0' encoding='UTF-8'?>
<!DOCTYPE EmailTemplate PUBLIC "sailpoint.dtd" "sailpoint.dtd">
<!-- Copyright © 2018 SailPoint Technologies, Inc. All Rights Reserved.
All logos, text, content, and works of authorship, including but not limited to underlying code, programming or scripting language, designs, and/or graphics,
that are used and/or depicted herein are protected under United States and international copyright and trademark laws and treaties,
and may not be used or reproduced without the prior express written permission of SailPoint Technologies, Inc. -->
<EmailTemplate name="EmailTemplate-FrameworkAccessReviewNativeChangeBulkReassignment">
  <Body>
  <![CDATA[
 		 #set($ctx = $spTools.class.forName("sailpoint.api.SailPointFactory").getMethod("getFactory", null).invoke(null,null).getCurrentContext())
		#set($ruleObj = $ctx.getObjectByName($spTools.class.forName("sailpoint.object.Rule"), "Rule-Framework-Header-Footer-StyleSheet")) 
		#set($ruleArgs = { 
		    "keyEmailTemplate"  : "styleSheet"
		}) 
		#set($styleSheet = $ctx.runRule($ruleObj, $ruleArgs))
		#if( $ruleObj )
		$ctx.decache($ruleObj)
		#end
		#set($ruleObj = $ctx.getObjectByName($spTools.class.forName("sailpoint.object.Rule"), "Rule-Framework-Header-Footer-StyleSheet")) 
		#set($ruleArgs = { 
		    "keyEmailTemplate"  : "headerTemplate"
		}) 
		#set($headerTemplate = $ctx.runRule($ruleObj, $ruleArgs))
		#if( $ruleObj )
		$ctx.decache($ruleObj)
		#end
		#set($ruleObj = $ctx.getObjectByName($spTools.class.forName("sailpoint.object.Rule"), "Rule-Framework-Header-Footer-StyleSheet")) 
		#set($ruleArgs = { 
		    "keyEmailTemplate"  : "footerTemplate"
		}) 
		#set($footerTemplate = $ctx.runRule($ruleObj, $ruleArgs))
		#if( $ruleObj )
		$ctx.decache($ruleObj)
		#end
			<html>		
			<head>
			<meta charset="UTF-8">	    
			#if( $styleSheet )
			$styleSheet
			#end 
			</head>
	    	<body>
	    	#if( $headerTemplate )
			$headerTemplate
			#end
			<br/>       
			$!requesterName has assigned $numNewIdentities users to you for access certification.  These have been added to $certificationName.
			Description: $!description
			Comments from $!requesterName:
			--------------------------------------------------------------------------------
			$!comments
			--------------------------------------------------------------------------------
			Login and view your work item inbox to complete this access certification report.
			#if( $footerTemplate )
			$footerTemplate
			#end
			</body>
			</html>
		]]>
    </Body>
  <Description>
      Email Template for notifying a user when they have been reassigned identities
      from an existing certification.
    </Description>
  <Signature>
    <Inputs>
      <Argument name="certificationName" type="string">
        <Description>The name of the Certification containing the items to reassign.</Description>
      </Argument>
      <Argument name="certification" type="Certification">
        <Description>The Certification object containing the items to reassign.</Description>
      </Argument>
      <Argument name="owner" type="Identity">
        <Description>The Identity object receiving the reassignment request.</Description>
      </Argument>
      <Argument name="comments" type="string">
        <Description>Comments from the reassigner.</Description>
      </Argument>
      <Argument name="description" type="string">
        <Description>Description of the reassignment.</Description>
      </Argument>
      <Argument name="numNewIdentities" type="string">
        <Description>Number of identities reassigned, passed as a string.</Description>
      </Argument>
      <Argument name="requesterName" type="string">
        <Description>The display name of the Identity that requested the reassignment.</Description>
      </Argument>
    </Inputs>
  </Signature>
  <Subject>New certification reassignment request: $certificationName</Subject>
</EmailTemplate>
