<?xml version='1.0' encoding='UTF-8'?>
<!DOCTYPE EmailTemplate PUBLIC "sailpoint.dtd" "sailpoint.dtd">
<!-- Copyright © 2018 SailPoint Technologies, Inc. All Rights Reserved.
All logos, text, content, and works of authorship, including but not limited to underlying code, programming or scripting language, designs, and/or graphics,
that are used and/or depicted herein are protected under United States and international copyright and trademark laws and treaties,
and may not be used or reproduced without the prior express written permission of SailPoint Technologies, Inc. -->
<EmailTemplate name="EmailTemplate-Framework-CertificationSignOffApproval">
	<Body>
		<![CDATA[
		#set($ctx = $spTools.class.forName("sailpoint.api.SailPointFactory").getMethod("getFactory", null).invoke(null,null).getCurrentContext())
		#set($ruleObj = $ctx.getObjectByName($spTools.class.forName("sailpoint.object.Rule"), "Rule-Framework-Header-Footer-StyleSheet")) 
		#set($ruleArgs = { 
		    "keyEmailTemplate"  : "styleSheet"
		}) 
		#set($styleSheet = $ctx.runRule($ruleObj, $ruleArgs))
		#if( $ruleObj )
		$ctx.decache($ruleObj)
		#end
		#set($ruleObj = $ctx.getObjectByName($spTools.class.forName("sailpoint.object.Rule"), "Rule-Framework-Header-Footer-StyleSheet")) 
		#set($ruleArgs = { 
		    "keyEmailTemplate"  : "headerTemplate"
		}) 
		#set($headerTemplate = $ctx.runRule($ruleObj, $ruleArgs))
		#if( $ruleObj )
		$ctx.decache($ruleObj)
		#end
		#set($ruleObj = $ctx.getObjectByName($spTools.class.forName("sailpoint.object.Rule"), "Rule-Framework-Header-Footer-StyleSheet")) 
		#set($ruleArgs = { 
		    "keyEmailTemplate"  : "footerTemplate"
		}) 
		#set($footerTemplate = $ctx.runRule($ruleObj, $ruleArgs))
		#if( $ruleObj )
		$ctx.decache($ruleObj)
		#end
		<html>
			<head>
			<meta charset="UTF-8">	    
			#if( $styleSheet )
			$styleSheet
			#end 
			</head>
	    	<body>
	    	#if( $headerTemplate )
			$headerTemplate
			#end
			<br/> 				
			$certification.name was signed by $certifier.displayableName and requires your approval.
			Login and view your work item inbox to complete this request.
	  		#if( $footerTemplate )
			$footerTemplate
			#end
			</body>
		</html>
		]]>
	</Body>
  <Description>
      Email Template for notifying users when a certification is signed and sent to them
      for approval.
      This supports the following parameters:
       - certification: The sailpoint.object.Certification object that was signed.
       - certifier:     The sailpoint.object.Identity that signed the certification.
       - approver:      The sailpoint.object.Identity that needs to approve the
                        certification.  This is the recipient of this email.
    </Description>
  <Signature>
    <Inputs>
      <Argument name="certification" type="Certification">
        <Description>The Certification object containing the delegated item.</Description>
      </Argument>
      <Argument name="workItem" type="WorkItem">
        <Description>The WorkItem object for the certification approval.</Description>
      </Argument>
      <Argument name="certifier" type="Identity">
        <Description>The Identity object for the user that finished the certification.</Description>
      </Argument>
      <Argument name="approver" type="Identity">
        <Description>The Identity object that is the owner of the work item.</Description>
      </Argument>
    </Inputs>
  </Signature>
  <Subject>$certification.name requires approval</Subject>
</EmailTemplate>
