<?xml version='1.0' encoding='UTF-8'?>
<!DOCTYPE EmailTemplate PUBLIC "sailpoint.dtd" "sailpoint.dtd">
<!-- Copyright © 2018 SailPoint Technologies, Inc. All Rights Reserved.
All logos, text, content, and works of authorship, including but not limited to underlying code, programming or scripting language, designs, and/or graphics,
that are used and/or depicted herein are protected under United States and international copyright and trademark laws and treaties,
and may not be used or reproduced without the prior express written permission of SailPoint Technologies, Inc. -->
<EmailTemplate name="EmailTemplate-Framework-ChallengeRejected">
	<Body>
		<![CDATA[
		#set($ctx = $spTools.class.forName("sailpoint.api.SailPointFactory").getMethod("getFactory", null).invoke(null,null).getCurrentContext())
		#set($ruleObj = $ctx.getObjectByName($spTools.class.forName("sailpoint.object.Rule"), "Rule-Framework-Header-Footer-StyleSheet")) 
		#set($ruleArgs = { 
		    "keyEmailTemplate"  : "styleSheet"
		}) 
		#set($styleSheet = $ctx.runRule($ruleObj, $ruleArgs))
		#if( $ruleObj )
		$ctx.decache($ruleObj)
		#end
		#set($ruleObj = $ctx.getObjectByName($spTools.class.forName("sailpoint.object.Rule"), "Rule-Framework-Header-Footer-StyleSheet")) 
		#set($ruleArgs = { 
		    "keyEmailTemplate"  : "headerTemplate"
		}) 
		#set($headerTemplate = $ctx.runRule($ruleObj, $ruleArgs))
		#if( $ruleObj )
		$ctx.decache($ruleObj)
		#end
		#set($ruleObj = $ctx.getObjectByName($spTools.class.forName("sailpoint.object.Rule"), "Rule-Framework-Header-Footer-StyleSheet")) 
		#set($ruleArgs = { 
		    "keyEmailTemplate"  : "footerTemplate"
		}) 
		#set($footerTemplate = $ctx.runRule($ruleObj, $ruleArgs))
		#if( $ruleObj )
		$ctx.decache($ruleObj)
		#end
		<html>
			<head>
			<meta charset="UTF-8">	    
			#if( $styleSheet )
			$styleSheet
			#end 
			</head>
	    	<body>
	    	#if( $headerTemplate )
			$headerTemplate
			#end
			<br/> 				
			$certifierName has rejected the challenge for '$challengeItem'.  The decision will remain.
			Comments from $certifierName:
			--------------------------------------------------------------------------------
			$!rejectionComments
			--------------------------------------------------------------------------------
	  		#if( $footerTemplate )
			$footerTemplate
			#end
			</body>
		</html>
		]]>
	</Body>
 <Description>
      Email Template for notifying a challenger that their challenge was rejected.
    </Description>
  <Signature>
    <Inputs>
      <Argument name="challengeItem" type="string">
        <Description>The shortDescription property of the CertificationItem being challenged.</Description>
      </Argument>
      <Argument name="rejectionComments" type="string">
        <Description>Comments to the challenger.</Description>
      </Argument>
      <Argument name="certifierName" type="string">
        <Description>The full name (first and last) of the Identity that rejected the challenge.</Description>
      </Argument>
      <Argument name="certificationItem" type="CertificationItem">
        <Description>The CertificationItem being challenged.</Description>
      </Argument>
      <Argument name="workItem" type="WorkItem">
        <Description>The WorkItem for the challenge</Description>
      </Argument>
    </Inputs>
  </Signature>
  <Subject>Challenge rejected for '$challengeItem'</Subject>
</EmailTemplate>
