<?xml version='1.0' encoding='UTF-8'?>
<!DOCTYPE EmailTemplate PUBLIC "sailpoint.dtd" "sailpoint.dtd">
<!-- Copyright © 2018 SailPoint Technologies, Inc. All Rights Reserved.
All logos, text, content, and works of authorship, including but not limited to underlying code, programming or scripting language, designs, and/or graphics,
that are used and/or depicted herein are protected under United States and international copyright and trademark laws and treaties,
and may not be used or reproduced without the prior express written permission of SailPoint Technologies, Inc. -->
<EmailTemplate name="EmailTemplate-Framework-MitigationExpiration">
	<Body>
		<![CDATA[
		#set($ctx = $spTools.class.forName("sailpoint.api.SailPointFactory").getMethod("getFactory", null).invoke(null,null).getCurrentContext())
		#set($ruleObj = $ctx.getObjectByName($spTools.class.forName("sailpoint.object.Rule"), "Rule-Framework-Header-Footer-StyleSheet")) 
		#set($ruleArgs = { 
		    "keyEmailTemplate"  : "styleSheet"
		}) 
		#set($styleSheet = $ctx.runRule($ruleObj, $ruleArgs))
		#if( $ruleObj )
		$ctx.decache($ruleObj)
		#end
		#set($ruleObj = $ctx.getObjectByName($spTools.class.forName("sailpoint.object.Rule"), "Rule-Framework-Header-Footer-StyleSheet")) 
		#set($ruleArgs = { 
		    "keyEmailTemplate"  : "headerTemplate"
		}) 
		#set($headerTemplate = $ctx.runRule($ruleObj, $ruleArgs))
		#if( $ruleObj )
		$ctx.decache($ruleObj)
		#end
		#set($ruleObj = $ctx.getObjectByName($spTools.class.forName("sailpoint.object.Rule"), "Rule-Framework-Header-Footer-StyleSheet")) 
		#set($ruleArgs = { 
		    "keyEmailTemplate"  : "footerTemplate"
		}) 
		#set($footerTemplate = $ctx.runRule($ruleObj, $ruleArgs))
		#if( $ruleObj )
		$ctx.decache($ruleObj)
		#end
		<html>
			<head>
			<meta charset="UTF-8">	    
			#if( $styleSheet )
			$styleSheet
			#end 
			</head>
	    	<body>
	    	#if( $headerTemplate )
			$headerTemplate
			#end
			<br/> 				
			The exception allowed for $!itemDescription on $identityName has expired.
			Comments from $mitigator:
			--------------------------------------------------------------------------------
			$!comments
			--------------------------------------------------------------------------------
	  		#if( $footerTemplate )
			$footerTemplate
			#end
			</body>
		</html>
		]]>
	</Body>
  <Description>
      Email Template for notifying certifiers that a mitigation they requested
      has expired.
    </Description>
  <Signature>
    <Inputs>
      <Argument name="identityName" type="string">
        <Description>The full name (first and last) of the Identity object that has the mitigation.</Description>
      </Argument>
      <Argument name="itemDescription" type="string">
        <Description>A short description of the item that was mitigated.</Description>
      </Argument>
      <Argument name="mitigationExpiration" type="MitigationExpiration">
        <Description>The sailpoint.object.MitigationExpiration that is sending this notification.</Description>
      </Argument>
      <Argument name="mitigator" type="string">
        <Description>The full name (first and last) of the Identity that created the mitigation.</Description>
      </Argument>
      <Argument name="comments" type="string">
        <Description>Comments from the expired mitigation.</Description>
      </Argument>
    </Inputs>
  </Signature>
  <Subject>Allowed exception has expired for $!identityName</Subject>
</EmailTemplate>
