<?xml version='1.0' encoding='UTF-8'?>
<!DOCTYPE EmailTemplate PUBLIC "sailpoint.dtd" "sailpoint.dtd">
<!-- Copyright © 2018 SailPoint Technologies, Inc. All Rights Reserved.
All logos, text, content, and works of authorship, including but not limited to underlying code, programming or scripting language, designs, and/or graphics,
that are used and/or depicted herein are protected under United States and international copyright and trademark laws and treaties,
and may not be used or reproduced without the prior express written permission of SailPoint Technologies, Inc. -->
<EmailTemplate name="EmailTemplate-Framework-ChallengeDecisionExpiration">
	<Body>
		<![CDATA[
		#set($ctx = $spTools.class.forName("sailpoint.api.SailPointFactory").getMethod("getFactory", null).invoke(null,null).getCurrentContext())
		#set($ruleObj = $ctx.getObjectByName($spTools.class.forName("sailpoint.object.Rule"), "Rule-Framework-Header-Footer-StyleSheet")) 
		#set($ruleArgs = { 
		    "keyEmailTemplate"  : "styleSheet"
		}) 
		#set($styleSheet = $ctx.runRule($ruleObj, $ruleArgs))
		#if( $ruleObj )
		$ctx.decache($ruleObj)
		#end
		#set($ruleObj = $ctx.getObjectByName($spTools.class.forName("sailpoint.object.Rule"), "Rule-Framework-Header-Footer-StyleSheet")) 
		#set($ruleArgs = { 
		    "keyEmailTemplate"  : "headerTemplate"
		}) 
		#set($headerTemplate = $ctx.runRule($ruleObj, $ruleArgs))
		#if( $ruleObj )
		$ctx.decache($ruleObj)
		#end
		#set($ruleObj = $ctx.getObjectByName($spTools.class.forName("sailpoint.object.Rule"), "Rule-Framework-Header-Footer-StyleSheet")) 
		#set($ruleArgs = { 
		    "keyEmailTemplate"  : "footerTemplate"
		}) 
		#set($footerTemplate = $ctx.runRule($ruleObj, $ruleArgs))
		#if( $ruleObj )
		$ctx.decache($ruleObj)
		#end
		<html>
			<head>
			<meta charset="UTF-8">	    
			#if( $styleSheet )
			$styleSheet
			#end 
			</head>
	    	<body>
	    	#if( $headerTemplate )
			$headerTemplate
			#end
			<br/> 				
			The challenge period for the challenged item '$challengeItem' has expired without the
			certifier accepting or rejecting the challenge.  The original decision will stay.
	  		#if( $footerTemplate )
			$footerTemplate
			#end
			</body>
		</html>
		]]>
	</Body>
  <Description>
      Email Template for notifying a challenger and certifier that an item that was challenged was not
      acted upon (accepted or rejected) by the time the challenge period expired, so the decision will
      stay.
    </Description>
  <Signature>
    <Inputs>
      <Argument name="challengeItem" type="string">
        <Description>The short description of the CertificationItem being challenged.</Description>
      </Argument>
      <Argument name="certificationName" type="string">
        <Description>The name of the certification containing the item being challenged.</Description>
      </Argument>
      <Argument name="certification" type="Certification">
        <Description>The Certification object.</Description>
      </Argument>
      <Argument name="certificationItem" type="CertificationItem">
        <Description>The CertificationItem being challenged.</Description>
      </Argument>
      <Argument name="workItem" type="WorkItem">
        <Description>The WorkItem for the challenge</Description>
      </Argument>
    </Inputs>
  </Signature>
  <Subject>Challenge decision expired for '$challengeItem'</Subject>
</EmailTemplate>
