<?xml version='1.0' encoding='UTF-8'?>
<!DOCTYPE sailpoint PUBLIC "sailpoint.dtd" "sailpoint.dtd">
<!-- Copyright © 2018 SailPoint Technologies, Inc. All Rights Reserved.
All logos, text, content, and works of authorship, including but not limited to underlying code, programming or scripting language, designs, and/or graphics,
that are used and/or depicted herein are protected under United States and international copyright and trademark laws and treaties,
and may not be used or reproduced without the prior express written permission of SailPoint Technologies, Inc. -->
<sailpoint>
    <ImportAction name='merge'>
        <UIConfig name='UIConfig'>
            <Attributes>
                <Map>
                    <!-- Certification -->
                    <entry key="certificationItemTableColumns" value="CLEARTHELIST" />
                    <entry key="uiCertificationItemWorksheetColumns" value="CLEARTHELIST" />
                    <entry key="uiCertificationItemDetailViewColumns" value="CLEARTHELIST" />
                    <entry key="uiCertificationItemReturnedItemsColumns" value="CLEARTHELIST" />
                    <entry key="uiCertificationItemDetailViewReturnedItemsColumns" value="CLEARTHELIST" />
                </Map>
            </Attributes>
        </UIConfig>
    </ImportAction>
    <ImportAction name="merge">
        <UIConfig name="UIConfig">
            <Attributes>
                <Map>
                    <!-- Business App Name and Privileged Access Added to Certification-->    
                    <entry key="uiCertificationItemWorksheetColumns">
                            <value>
                              <List>
                                <ColumnConfig dataIndex="decisionStatus" evaluator="sailpoint.web.view.certification.CertificationItemDecisionColumn" fieldOnly="true" groupProperty="IIQ_decisionChoices" property="IIQ_decisionChoices" sortProperty="IIQ_decisionChoices" stateId="decisionStatus"/>
                                <ColumnConfig dataIndex="firstName" groupProperty="parent.firstname" headerKey="cert_item_tbl_header_firstname" hideable="true" percentWidth="10" property="parent.firstname" secondarySort="parent.lastname,type,IIQ_displayName" sortProperty="parent.firstname" sortable="true" stateId="firstName"/>
                                <ColumnConfig dataIndex="lastName" groupProperty="parent.lastname" headerKey="cert_item_tbl_header_lastname" hideable="true" percentWidth="10" property="parent.lastname" secondarySort="parent.firstname,type,IIQ_displayName" sortProperty="parent.lastname" sortable="true" stateId="lastName"/>
                                <ColumnConfig dataIndex="typeMessageKey" groupProperty="type" headerKey="cert_item_tbl_header_type" hideable="true" percentWidth="10" renderer="spTranslate" sortProperty="type" sortable="true" stateId="typeMessageKey"/>
                                <ColumnConfig dataIndex="displayName" evaluator="sailpoint.web.view.certification.CertificationItemDisplayNameColumn" groupProperty="type,bundle,exceptionApplication,exceptionAttributeName,exceptionAttributeValue,exceptionPermissionTarget,exceptionPermissionRight,violationSummary" headerKey="cert_item_tbl_header_display_name" hideable="true" percentWidth="20" property="IIQ_displayName" renderer="spCertificationDisplayNameColumn" secondarySort="parent.lastname,parent.firstname,type" sortProperty="type,bundle,exceptionApplication,exceptionAttributeName,exceptionAttributeValue,exceptionPermissionTarget,exceptionPermissionRight,violationSummary" sortable="true" stateId="displayName"/>
                                <ColumnConfig dataIndex="description" evaluator="sailpoint.web.view.certification.CertificationItemDescriptionColumn" groupProperty="IIQ_description" headerKey="cert_item_tbl_header_description" hideable="true" minWidth="250" percentWidth="50" property="IIQ_description" renderer="spMoreLessToggleColumn" sortProperty="IIQ_description" stateId="description"/>
                                <ColumnConfig dataIndex="application" groupProperty="exceptionApplication" headerKey="cert_item_tbl_header_application" hideable="true" percentWidth="10" property="exceptionApplication" secondarySort="parent.lastname,parent.firstname,type,IIQ_displayName" sortProperty="exceptionApplication" sortable="true" stateId="application"/>
                                <ColumnConfig dataIndex="instance" groupProperty="exceptionEntitlements.instance" headerKey="cert_item_tbl_header_instance" hidden="true" hideable="true" property="exceptionEntitlements.instance" secondarySort="exceptionApplication,parent.lastname,parent.firstname,type,IIQ_displayName" sortProperty="exceptionEntitlements.instance" sortable="true" stateId="instance"/>
                                <ColumnConfig dataIndex="nativeIdentity" groupProperty="exceptionEntitlements.nativeIdentity" headerKey="cert_item_tbl_header_accountid" hidden="true" hideable="true" property="exceptionEntitlements.nativeIdentity" secondarySort="exceptionApplication,parent.lastname,parent.firstname,type,IIQ_displayName" sortProperty="exceptionEntitlements.nativeIdentity" sortable="true" stateId="nativeIdentity"/>
                                <ColumnConfig dataIndex="accountName" groupProperty="exceptionEntitlements.displayName" headerKey="cert_item_tbl_header_accountDisplayName" hideable="true" property="exceptionEntitlements.displayName" renderer="spCertificationAccountDisplayNameColumn" secondarySort="exceptionApplication,parent.lastname,parent.firstname,type,IIQ_displayName" sortProperty="exceptionEntitlements.displayName" sortable="true" stateId="accountName"/>
                                <ColumnConfig dataIndex="IIQ_accountKey" evaluator="sailpoint.web.view.certification.CertificationItemAccountKeyColumn" groupProperty="exceptionApplication,exceptionEntitlements.nativeIdentity,exceptionEntitlements.instance" headerKey="cert_item_tbl_header_account" hidden="true" hideable="true" property="IIQ_accountKey" renderer="certItemAccount" secondarySort="parent.lastname,parent.firstname,type,IIQ_displayName" sortProperty="exceptionEntitlements.displayName,exceptionApplication,exceptionEntitlements.instance" sortable="true" stateId="IIQ_accountKey"/>
                                <ColumnConfig dataIndex="roleApplications" groupProperty="IIQ_roleApplications" headerKey="cert_item_tbl_header_role_applications" hidden="true" hideable="true" property="IIQ_roleApplications" sortProperty="IIQ_roleApplications" stateId="roleApplications"/>
                                <ColumnConfig dataIndex="roleAccountNames" groupProperty="IIQ_roleAccounts" headerKey="cert_item_tbl_header_role_accounts" hidden="true" hideable="true" property="IIQ_roleAccounts" sortProperty="IIQ_roleAccounts" stateId="roleAccountNames"/>
                                <ColumnConfig dataIndex="riskScore" groupProperty="parent.compositeScore" headerKey="cert_item_tbl_header_compositescore" hidden="true" hideable="true" property="parent.compositeScore" secondarySort="parent.lastname,parent.firstname,type,IIQ_displayName" sortProperty="parent.compositeScore" sortable="true" stateId="riskScore"/>
                                <ColumnConfig dataIndex="changesDetected" evaluator="sailpoint.web.view.certification.CertificationItemChangesDetectedColumn" groupProperty="parent.newUser,hasDifferences" headerKey="cert_item_tbl_header_changes_detected" hidden="true" hideable="true" property="IIQ_changesDetected" sortProperty="parent.newUser,hasDifferences" sortable="true" stateId="changesDetected"/>
                                <ColumnConfig headerKey="cert_item_tbl_header_identity" property="parent.targetDisplayName" sortable="true" hideable="true"/>
                                <ColumnConfig dataIndex="" fixed="Right" headerKey="cert_item_tbl_header_decision" renderer="spCertificationActionColumn" stateId=""/>
                                <ColumnConfig dataIndex="summaryStatus" fieldOnly="true" groupProperty="summaryStatus" property="summaryStatus" renderer="certSummaryStatus" sortProperty="summaryStatus" stateId="summaryStatus"/>
                                <ColumnConfig dataIndex="entityId" fieldOnly="true" groupProperty="parent.id" property="parent.id" sortProperty="parent.id" stateId="entityId"/>
                                <ColumnConfig dataIndex="targetDisplayName" fieldOnly="true" groupProperty="parent.targetDisplayName" property="parent.targetDisplayName" sortProperty="parent.targetDisplayName" stateId="targetDisplayName"/>
                                <ColumnConfig dataIndex="targetId" fieldOnly="true" groupProperty="parent.targetId" property="parent.targetId" sortProperty="parent.targetId" stateId="targetId"/>
                                <ColumnConfig dataIndex="challenge" fieldOnly="true" groupProperty="challenge" property="challenge" sortProperty="challenge" stateId="challenge"/>
                                <ColumnConfig dataIndex="newUser" fieldOnly="true" groupProperty="parent.newUser" property="parent.newUser" sortProperty="parent.newUser" stateId="newUser"/>
                                <ColumnConfig dataIndex="hasDifferences" fieldOnly="true" groupProperty="hasDifferences" property="hasDifferences" sortProperty="hasDifferences" stateId="hasDifferences"/>
                                <ColumnConfig dataIndex="Business Application Name" headerKey="Business Application Name"  hideable="true" groupProperty="hibernateCustom1" property="hibernateCustom1" sortProperty="hibernateCustom1"/>
                                <ColumnConfig dataIndex="Privileged Entitlement" headerKey="Privileged Entitlement"  hideable="true" groupProperty="hibernateCustom2" property="hibernateCustom2" sortProperty="hibernateCustom2" />
                                </List>
                            </value>
                          </entry>
                        <entry key="uiCertificationItemReturnedItemsColumns">
                        <value>
                          <List>
                            <ColumnConfig dataIndex="decisionStatus" evaluator="sailpoint.web.view.certification.CertificationItemDecisionColumn" fieldOnly="true" groupProperty="IIQ_decisionChoices" property="IIQ_decisionChoices" sortProperty="IIQ_decisionChoices" stateId="decisionStatus"/>
                            <ColumnConfig dataIndex="firstName" groupProperty="parent.firstname" headerKey="cert_item_tbl_header_firstname" hideable="true" percentWidth="10" property="parent.firstname" secondarySort="parent.lastname,type,IIQ_displayName" sortProperty="parent.firstname" sortable="true" stateId="firstName"/>
                            <ColumnConfig dataIndex="lastName" groupProperty="parent.lastname" headerKey="cert_item_tbl_header_lastname" hideable="true" percentWidth="10" property="parent.lastname" secondarySort="parent.firstname,type,IIQ_displayName" sortProperty="parent.lastname" sortable="true" stateId="lastName"/>
                            <ColumnConfig dataIndex="typeMessageKey" groupProperty="type" headerKey="cert_item_tbl_header_type" percentWidth="10" renderer="spTranslate" sortProperty="type" sortable="true" stateId="typeMessageKey"/>
                            <ColumnConfig dataIndex="displayName" evaluator="sailpoint.web.view.certification.CertificationItemDisplayNameColumn" groupProperty="type,bundle,exceptionApplication,exceptionAttributeName,exceptionAttributeValue,exceptionPermissionTarget,exceptionPermissionRight,violationSummary" headerKey="cert_item_tbl_header_display_name" hideable="true" percentWidth="15" property="IIQ_displayName" secondarySort="parent.lastname,parent.firstname,type" sortProperty="type,bundle,exceptionApplication,exceptionAttributeName,exceptionAttributeValue,exceptionPermissionTarget,exceptionPermissionRight,violationSummary" sortable="true" stateId="displayName"/>
                            <ColumnConfig dataIndex="description" evaluator="sailpoint.web.view.certification.CertificationItemDescriptionColumn" groupProperty="IIQ_description" headerKey="cert_item_tbl_header_description" hideable="true" minWidth="250" percentWidth="30" property="IIQ_description" renderer="spMoreLessToggleColumn" sortProperty="IIQ_description" stateId="description"/>
                            <ColumnConfig dataIndex="comments" evaluator="sailpoint.web.view.certification.CertificationDecisionCommentColumn" groupProperty="IIQ_decisionHistory" headerKey="cert_item_tbl_header_comment" hideable="true" percentWidth="15" property="IIQ_decisionHistory" renderer="spMoreLessToggleColumn" sortProperty="IIQ_decisionHistory" stateId="comments"/>
                            <ColumnConfig dataIndex="application" groupProperty="exceptionApplication" headerKey="cert_item_tbl_header_application" hideable="true" percentWidth="10" property="exceptionApplication" secondarySort="parent.lastname,parent.firstname,type,IIQ_displayName" sortProperty="exceptionApplication" sortable="true" stateId="application"/>
                            <ColumnConfig dataIndex="instance" groupProperty="exceptionEntitlements.instance" headerKey="cert_item_tbl_header_instance" hidden="true" hideable="true" property="exceptionEntitlements.instance" secondarySort="exceptionApplication,parent.lastname,parent.firstname,type,IIQ_displayName" sortProperty="exceptionEntitlements.instance" sortable="true" stateId="instance"/>
                            <ColumnConfig dataIndex="nativeIdentity" groupProperty="exceptionEntitlements.nativeIdentity" headerKey="cert_item_tbl_header_accountid" hidden="true" hideable="true" property="exceptionEntitlements.nativeIdentity" secondarySort="exceptionApplication,parent.lastname,parent.firstname,type,IIQ_displayName" sortProperty="exceptionEntitlements.nativeIdentity" sortable="true" stateId="nativeIdentity"/>
                            <ColumnConfig dataIndex="accountName" groupProperty="exceptionEntitlements.displayName" headerKey="cert_item_tbl_header_accountDisplayName" hidden="true" hideable="true" property="exceptionEntitlements.displayName" secondarySort="exceptionApplication,parent.lastname,parent.firstname,type,IIQ_displayName" sortProperty="exceptionEntitlements.displayName" sortable="true" stateId="accountName"/>
                            <ColumnConfig dataIndex="roleApplications" groupProperty="IIQ_roleApplications" headerKey="cert_item_tbl_header_role_applications" hidden="true" hideable="true" property="IIQ_roleApplications" sortProperty="IIQ_roleApplications" stateId="roleApplications"/>
                            <ColumnConfig dataIndex="roleAccountNames" groupProperty="IIQ_roleAccounts" headerKey="cert_item_tbl_header_role_accounts" hidden="true" hideable="true" property="IIQ_roleAccounts" sortProperty="IIQ_roleAccounts" stateId="roleAccountNames"/>
                            <ColumnConfig dataIndex="riskScore" groupProperty="parent.compositeScore" headerKey="cert_item_tbl_header_compositescore" hidden="true" hideable="true" property="parent.compositeScore" secondarySort="parent.lastname,parent.firstname,type,IIQ_displayName" sortProperty="parent.compositeScore" sortable="true" stateId="riskScore"/>
                            <ColumnConfig dataIndex="summaryStatus" groupProperty="summaryStatus" headerKey="cert_item_tbl_header_summary_status" hidden="true" hideable="true" property="summaryStatus" renderer="certSummaryStatus" sortProperty="summaryStatus" sortable="true" stateId="summaryStatus"/>
                            <ColumnConfig dataIndex="changesDetected" evaluator="sailpoint.web.view.certification.CertificationItemChangesDetectedColumn" groupProperty="parent.newUser,hasDifferences" headerKey="cert_item_tbl_header_changes_detected" hidden="true" hideable="true" property="IIQ_changesDetected" sortProperty="parent.newUser,hasDifferences" sortable="true" stateId="changesDetected"/>
                            <ColumnConfig dataIndex="parent-identity" groupProperty="parent.identity" headerKey="cert_item_tbl_header_identity" hidden="true" hideable="true" property="parent.identity" sortProperty="parent.identity" sortable="true" stateId="parent-identity"/>
                            <ColumnConfig dataIndex="decisions" headerKey="cert_item_tbl_header_decision" renderer="spCertificationDecisionColumn" stateId="decisions"/>
                            <ColumnConfig dataIndex="" fixed="Right" headerKey="cert_item_tbl_header_action" renderer="spCertificationActionColumn" stateId=""/>
                            <ColumnConfig dataIndex="entityId" fieldOnly="true" groupProperty="parent.id" property="parent.id" sortProperty="parent.id" stateId="entityId"/>
                            <ColumnConfig dataIndex="challenge" fieldOnly="true" groupProperty="challenge" property="challenge" sortProperty="challenge" stateId="challenge"/>
                            <ColumnConfig dataIndex="targetDisplayName" fieldOnly="true" groupProperty="parent.targetDisplayName" property="parent.targetDisplayName" sortProperty="parent.targetDisplayName" stateId="targetDisplayName"/>
                            <ColumnConfig dataIndex="targetId" fieldOnly="true" groupProperty="parent.targetId" property="parent.targetId" sortProperty="parent.targetId" stateId="targetId"/>
                           <ColumnConfig dataIndex="Business Application Name" headerKey="Business Application Name"  hideable="true" groupProperty="hibernateCustom1" property="hibernateCustom1" sortProperty="hibernateCustom1"/>
                            <ColumnConfig dataIndex="Privileged Entitlement" headerKey="Privileged Entitlement"  hideable="true" groupProperty="hibernateCustom2" property="hibernateCustom2" sortProperty="hibernateCustom2" />
                            </List>
                        </value>
                      </entry>
          <entry key="uiCertificationItemDetailViewReturnedItemsColumns">
            <value>
              <List>
                <ColumnConfig dataIndex="decisionStatus" evaluator="sailpoint.web.view.certification.CertificationItemDecisionColumn" fieldOnly="true" groupProperty="IIQ_decisionChoices" property="IIQ_decisionChoices" sortProperty="IIQ_decisionChoices" stateId="decisionStatus"/>
                <ColumnConfig dataIndex="typeMessageKey" groupProperty="type" headerKey="cert_item_tbl_header_type" percentWidth="10" renderer="spTranslate" sortProperty="type" sortable="true" stateId="typeMessageKey"/>
                <ColumnConfig dataIndex="displayName" evaluator="sailpoint.web.view.certification.CertificationItemDisplayNameColumn" groupProperty="type,bundle,exceptionApplication,exceptionAttributeName,exceptionAttributeValue,exceptionPermissionTarget,exceptionPermissionRight,violationSummary" headerKey="cert_item_tbl_header_display_name" hideable="true" percentWidth="15" property="IIQ_displayName" secondarySort="type" sortProperty="type,bundle,exceptionApplication,exceptionAttributeName,exceptionAttributeValue,exceptionPermissionTarget,exceptionPermissionRight,violationSummary" sortable="true" stateId="displayName"/>
                <ColumnConfig dataIndex="description" evaluator="sailpoint.web.view.certification.CertificationItemDescriptionColumn" groupProperty="IIQ_description" headerKey="cert_item_tbl_header_description" hideable="true" minWidth="250" percentWidth="30" property="IIQ_description" renderer="spMoreLessToggleColumn" sortProperty="IIQ_description" stateId="description"/>
                <ColumnConfig dataIndex="comments" evaluator="sailpoint.web.view.certification.CertificationDecisionCommentColumn" groupProperty="IIQ_decisionHistory" headerKey="cert_item_tbl_header_comment" hideable="true" percentWidth="15" property="IIQ_decisionHistory" renderer="spMoreLessToggleColumn" sortProperty="IIQ_decisionHistory" stateId="comments"/>
                <ColumnConfig dataIndex="application" groupProperty="exceptionApplication" headerKey="cert_item_tbl_header_application" hideable="true" percentWidth="10" property="exceptionApplication" secondarySort="type,IIQ_displayName" sortProperty="exceptionApplication" sortable="true" stateId="application"/>
                <ColumnConfig dataIndex="instance" groupProperty="exceptionEntitlements.instance" headerKey="cert_item_tbl_header_instance" hidden="true" hideable="true" property="exceptionEntitlements.instance" secondarySort="exceptionApplication,type,IIQ_displayName" sortProperty="exceptionEntitlements.instance" sortable="true" stateId="instance"/>
                <ColumnConfig dataIndex="nativeIdentity" groupProperty="exceptionEntitlements.nativeIdentity" headerKey="cert_item_tbl_header_accountid" hidden="true" hideable="true" property="exceptionEntitlements.nativeIdentity" secondarySort="exceptionApplication,type,IIQ_displayName" sortProperty="exceptionEntitlements.nativeIdentity" sortable="true" stateId="nativeIdentity"/>
                <ColumnConfig dataIndex="accountName" groupProperty="exceptionEntitlements.displayName" headerKey="cert_item_tbl_header_accountDisplayName" hidden="true" hideable="true" property="exceptionEntitlements.displayName" secondarySort="exceptionApplication,type,IIQ_displayName" sortProperty="exceptionEntitlements.displayName" sortable="true" stateId="accountName"/>
                <ColumnConfig dataIndex="roleApplications" groupProperty="IIQ_roleApplications" headerKey="cert_item_tbl_header_role_applications" hidden="true" hideable="true" property="IIQ_roleApplications" sortProperty="IIQ_roleApplications" stateId="roleApplications"/>
                <ColumnConfig dataIndex="roleAccountNames" groupProperty="IIQ_roleAccounts" headerKey="cert_item_tbl_header_role_accounts" hidden="true" hideable="true" property="IIQ_roleAccounts" sortProperty="IIQ_roleAccounts" stateId="roleAccountNames"/>
                <ColumnConfig dataIndex="riskScore" groupProperty="parent.compositeScore" headerKey="cert_item_tbl_header_compositescore" hidden="true" hideable="true" property="parent.compositeScore" secondarySort="type,IIQ_displayName" sortProperty="parent.compositeScore" sortable="true" stateId="riskScore"/>
                <ColumnConfig dataIndex="summaryStatus" groupProperty="summaryStatus" headerKey="cert_item_tbl_header_summary_status" hidden="true" hideable="true" property="summaryStatus" renderer="certSummaryStatus" sortProperty="summaryStatus" sortable="true" stateId="summaryStatus"/>
                <ColumnConfig dataIndex="changesDetected" evaluator="sailpoint.web.view.certification.CertificationItemChangesDetectedColumn" groupProperty="parent.newUser,hasDifferences" headerKey="cert_item_tbl_header_changes_detected" hidden="true" hideable="true" property="IIQ_changesDetected" sortProperty="parent.newUser,hasDifferences" sortable="true" stateId="changesDetected"/>
                <ColumnConfig dataIndex="decisions" headerKey="cert_item_tbl_header_decision" renderer="spCertificationDecisionColumn" stateId="decisions"/>
                <ColumnConfig dataIndex="" fixed="Right" headerKey="cert_item_tbl_header_action" renderer="spCertificationActionColumn" stateId=""/>
                <ColumnConfig dataIndex="entityId" fieldOnly="true" groupProperty="parent.id" property="parent.id" sortProperty="parent.id" stateId="entityId"/>
                <ColumnConfig dataIndex="challenge" fieldOnly="true" groupProperty="challenge" property="challenge" sortProperty="challenge" stateId="challenge"/>
                <ColumnConfig dataIndex="targetDisplayName" fieldOnly="true" groupProperty="parent.targetDisplayName" property="parent.targetDisplayName" sortProperty="parent.targetDisplayName" stateId="targetDisplayName"/>
                <ColumnConfig dataIndex="targetId" fieldOnly="true" groupProperty="parent.targetId" property="parent.targetId" sortProperty="parent.targetId" stateId="targetId"/>
                <ColumnConfig dataIndex="Business Application Name" headerKey="Business Application Name"  hideable="true" groupProperty="hibernateCustom1" property="hibernateCustom1" sortProperty="hibernateCustom1"/>
                <ColumnConfig dataIndex="Privileged Entitlement" headerKey="Privileged Entitlement"  hideable="true" groupProperty="hibernateCustom2" property="hibernateCustom2" sortProperty="hibernateCustom2" />
                </List>
            </value>
          </entry>
         <entry key="uiCertificationItemDetailViewColumns">
            <value>
              <List>
                <ColumnConfig dataIndex="decisionStatus" evaluator="sailpoint.web.view.certification.CertificationItemDecisionColumn" fieldOnly="true" groupProperty="IIQ_decisionChoices" property="IIQ_decisionChoices" sortProperty="IIQ_decisionChoices" stateId="decisionStatus"/>
                <ColumnConfig dataIndex="typeMessageKey" groupProperty="type" headerKey="cert_item_tbl_header_type" percentWidth="10" renderer="spTranslate" sortProperty="type" sortable="true" stateId="typeMessageKey"/>
                <ColumnConfig dataIndex="displayName" evaluator="sailpoint.web.view.certification.CertificationItemDisplayNameColumn" groupProperty="type,bundle,exceptionApplication,exceptionAttributeName,exceptionAttributeValue,exceptionPermissionTarget,exceptionPermissionRight,violationSummary" headerKey="cert_item_tbl_header_display_name" hideable="true" percentWidth="20" property="IIQ_displayName" renderer="spCertificationDisplayNameColumn" secondarySort="type" sortProperty="type,bundle,exceptionApplication,exceptionAttributeName,exceptionAttributeValue,exceptionPermissionTarget,exceptionPermissionRight,violationSummary" sortable="true" stateId="displayName"/>
                <ColumnConfig dataIndex="description" evaluator="sailpoint.web.view.certification.CertificationItemDescriptionColumn" groupProperty="IIQ_description" headerKey="cert_item_tbl_header_description" hideable="true" minWidth="250" percentWidth="50" property="IIQ_description" renderer="spMoreLessToggleColumn" sortProperty="IIQ_description" stateId="description"/>
                <ColumnConfig dataIndex="application" groupProperty="exceptionApplication" headerKey="cert_item_tbl_header_application" hideable="true" percentWidth="10" property="exceptionApplication" secondarySort="type,IIQ_displayName" sortProperty="exceptionApplication" sortable="true" stateId="application"/>
                <ColumnConfig dataIndex="instance" groupProperty="exceptionEntitlements.instance" headerKey="cert_item_tbl_header_instance" hidden="true" hideable="true" property="exceptionEntitlements.instance" secondarySort="exceptionApplication,type,IIQ_displayName" sortProperty="exceptionEntitlements.instance" sortable="true" stateId="instance"/>
                <ColumnConfig dataIndex="nativeIdentity" groupProperty="exceptionEntitlements.nativeIdentity" headerKey="cert_item_tbl_header_accountid" hidden="true" hideable="true" property="exceptionEntitlements.nativeIdentity" secondarySort="exceptionApplication,type,IIQ_displayName" sortProperty="exceptionEntitlements.nativeIdentity" sortable="true" stateId="nativeIdentity"/>
                <ColumnConfig dataIndex="accountName" groupProperty="exceptionEntitlements.displayName" headerKey="cert_item_tbl_header_accountDisplayName" hideable="true" property="exceptionEntitlements.displayName" renderer="spCertificationAccountDisplayNameColumn" secondarySort="exceptionApplication,type,IIQ_displayName" sortProperty="exceptionEntitlements.displayName" sortable="true" stateId="accountName"/>
                <ColumnConfig dataIndex="roleApplications" groupProperty="IIQ_roleApplications" headerKey="cert_item_tbl_header_role_applications" hidden="true" hideable="true" property="IIQ_roleApplications" sortProperty="IIQ_roleApplications" stateId="roleApplications"/>
                <ColumnConfig dataIndex="roleAccountNames" groupProperty="IIQ_roleAccounts" headerKey="cert_item_tbl_header_role_accounts" hidden="true" hideable="true" property="IIQ_roleAccounts" sortProperty="IIQ_roleAccounts" stateId="roleAccountNames"/>
                <ColumnConfig dataIndex="riskScore" groupProperty="parent.compositeScore" headerKey="cert_item_tbl_header_compositescore" hidden="true" hideable="true" property="parent.compositeScore" secondarySort="type,IIQ_displayName" sortProperty="parent.compositeScore" sortable="true" stateId="riskScore"/>
                <ColumnConfig dataIndex="changesDetected" evaluator="sailpoint.web.view.certification.CertificationItemChangesDetectedColumn" groupProperty="parent.newUser,hasDifferences" headerKey="cert_item_tbl_header_changes_detected" hidden="true" hideable="true" property="IIQ_changesDetected" sortProperty="parent.newUser,hasDifferences" sortable="true" stateId="changesDetected"/>
                <ColumnConfig dataIndex="" fixed="Right" headerKey="cert_item_tbl_header_decision" renderer="spCertificationActionColumn" stateId=""/>
                <ColumnConfig dataIndex="summaryStatus" fieldOnly="true" groupProperty="summaryStatus" property="summaryStatus" renderer="certSummaryStatus" sortProperty="summaryStatus" stateId="summaryStatus"/>
                <ColumnConfig dataIndex="entityId" fieldOnly="true" groupProperty="parent.id" property="parent.id" sortProperty="parent.id" stateId="entityId"/>
                <ColumnConfig dataIndex="targetDisplayName" fieldOnly="true" groupProperty="parent.targetDisplayName" property="parent.targetDisplayName" sortProperty="parent.targetDisplayName" stateId="targetDisplayName"/>
                <ColumnConfig dataIndex="targetId" fieldOnly="true" groupProperty="parent.targetId" property="parent.targetId" sortProperty="parent.targetId" stateId="targetId"/>
                <ColumnConfig dataIndex="challenge" fieldOnly="true" groupProperty="challenge" property="challenge" sortProperty="challenge" stateId="challenge"/>
                <ColumnConfig dataIndex="newUser" fieldOnly="true" groupProperty="parent.newUser" property="parent.newUser" sortProperty="parent.newUser" stateId="newUser"/>
                <ColumnConfig dataIndex="hasDifferences" fieldOnly="true" groupProperty="hasDifferences" property="hasDifferences" sortProperty="hasDifferences" stateId="hasDifferences"/>
                <ColumnConfig dataIndex="Business Application Name" headerKey="Business Application Name"  hideable="true" groupProperty="hibernateCustom1" property="hibernateCustom1" sortProperty="hibernateCustom1"/>
                <ColumnConfig dataIndex="Privileged Entitlement" headerKey="Privileged Entitlement"  hideable="true" groupProperty="hibernateCustom2" property="hibernateCustom2" sortProperty="hibernateCustom2" />
                </List>
            </value>
          </entry>
          <entry key="certificationItemTableColumns">
              <value>
                <List>
                  <ColumnConfig headerKey="decision" dataIndex="decision" property="IIQ_calculatedStatus" flex="1" sortable="false" hideable="false" renderer="SailPoint.certification.WorksheetGrid.renderButtons"/>
                  <ColumnConfig headerKey="cert_item_tbl_header_identity" property="parent.identity" sortable="true" hideable="true"/>
                  <ColumnConfig headerKey="cert_item_tbl_header_firstname" property="parent.firstname" sortable="true" hideable="true"/>
                  <ColumnConfig headerKey="cert_item_tbl_header_lastname" property="parent.lastname" sortable="true" hideable="true"/>
                  <ColumnConfig headerKey="cert_item_tbl_header_description" property="IIQ_description" sortable="true" hideable="true" flex="2" renderer="SailPoint.certification.WorksheetGrid.renderDescription"/>
                  <ColumnConfig headerKey="cert_item_tbl_header_full_description" property="IIQ_entitlementDescription" hidden="true" fieldOnly="true" renderer="SailPoint.certification.WorksheetGrid.emptyRenderer"/>
                  <ColumnConfig headerKey="cert_item_tbl_header_application" property="exceptionApplication" sortable="false" hideable="true" renderer="SailPoint.certification.WorksheetGrid.renderApplication"/>
                  <ColumnConfig headerKey="cert_item_tbl_header_instance" property="exceptionEntitlements.instance" sortable="true" hideable="true" hidden="true"/>
                  <ColumnConfig headerKey="cert_item_tbl_header_application_description" property="IIQ_applicationDescription" hidden="true" fieldOnly="true" renderer="SailPoint.certification.WorksheetGrid.emptyRenderer"/>
                  <ColumnConfig headerKey="cert_item_tbl_header_accountid" hidden="true" property="exceptionEntitlements.nativeIdentity" sortable="true" hideable="true"/>
                  <ColumnConfig headerKey="cert_item_tbl_header_accountDisplayName" sortable="false" hideable="true" property="exceptionEntitlements.displayName"/>
                  <ColumnConfig headerKey="status" property="summaryStatus" sortable="true" hideable="true" renderer="SailPoint.certification.WorksheetGrid.renderCommentStatus"/>
                  <ColumnConfig headerKey="cert_item_tbl_header_compositescore" property="parent.compositeScore" sortable="true" hideable="true"/>
                  <ColumnConfig headerKey="changes_detected" dataIndex="IIQ_changes_detected" sortable="true" sortProperty="IIQ_changes_detected" hideable="true" renderer="SailPoint.certification.WorksheetGrid.renderChanges"/>
                  <ColumnConfig dataIndex="parent-id" fieldOnly="true" property="parent.id"/>
                  <ColumnConfig dataIndex="id" fieldOnly="true" property="id"/>
                  <ColumnConfig dataIndex="type" fieldOnly="true" property="type"/>
                  <ColumnConfig dataIndex="accountKey" fieldOnly="true" property="IIQ_accountKey"/>
                  <ColumnConfig dataIndex="Business Application Name" headerKey="Business Application Name" hideable="true" property="hibernateCustom1" sortProperty="hibernateCustom1" stateId="Business Application Name"/>
                  <ColumnConfig dataIndex="Privileged Entitlement"  headerKey="Privileged Entitlement" hideable="true" property="hibernateCustom2" sortProperty="hibernateCustom2" stateId="Privileged Entitlement"/>
                  </List>
              </value>
            </entry>
                </Map>
            </Attributes>
        </UIConfig>
    </ImportAction>
</sailpoint>
