<?xml version='1.0' encoding='UTF-8'?>
<!DOCTYPE EmailTemplate PUBLIC "sailpoint.dtd" "sailpoint.dtd">
<!-- Copyright © 2018 SailPoint Technologies, Inc. All Rights Reserved.
All logos, text, content, and works of authorship, including but not limited to underlying code, programming or scripting language, designs, and/or graphics,
that are used and/or depicted herein are protected under United States and international copyright and trademark laws and treaties,
and may not be used or reproduced without the prior express written permission of SailPoint Technologies, Inc. -->
<EmailTemplate name="EmailTemplate-FrameworkLeaverManagerOwnershipRemoval">
   <Body>
<![CDATA[   		 
		#set($ctx = $spTools.class.forName("sailpoint.api.SailPointFactory").getMethod("getFactory", null).invoke(null,null).getCurrentContext())
		#set($reqType = $workflow.requestType)
		#set($ruleObj = $ctx.getObjectByName($spTools.class.forName("sailpoint.object.Rule"), "Rule-Framework-Header-Footer-StyleSheet")) 
		#set($ruleArgs = { 
		    "keyEmailTemplate"  : "styleSheet"
		}) 
		#set($styleSheet = $ctx.runRule($ruleObj, $ruleArgs))
		#if( $ruleObj )
		$ctx.decache($ruleObj)
		#end
		#set($ruleObj = $ctx.getObjectByName($spTools.class.forName("sailpoint.object.Rule"), "Rule-Framework-Header-Footer-StyleSheet")) 
		#set($ruleArgs = { 
		    "keyEmailTemplate"  : "headerTemplate"
		}) 
		#set($headerTemplate = $ctx.runRule($ruleObj, $ruleArgs))
		#if( $ruleObj )
		$ctx.decache($ruleObj)
		#end
		#set($ruleObj = $ctx.getObjectByName($spTools.class.forName("sailpoint.object.Rule"), "Rule-Framework-Header-Footer-StyleSheet")) 
		#set($ruleArgs = { 
		    "keyEmailTemplate"  : "footerTemplate"
		}) 
		#set($footerTemplate = $ctx.runRule($ruleObj, $ruleArgs))
		#if( $ruleObj )
		$ctx.decache($ruleObj)
		#end
		<html>
		<head>
		<meta charset="UTF-8">	    
		#if( $styleSheet )
		$styleSheet
		#end 
		</head> 
	    	<body>
	    	#if( $headerTemplate )
			$headerTemplate
			#end
			<br/>    
			#if ( $ownershipMap )
			    Dear $recipientDisplayName,<br/>
			    <p>IdentityIQ access for '$refIdentityDisplayName' has been reassigned: </p>
			    <p>The following IdentityIQ Artifacts has been assigned to you. </p>
			    <ul>
			    #foreach ($mapEntry in $ownershipMap.entrySet())
    				<li>$mapEntry.key - $mapEntry.value</li>
			    #end 
			    </ul>  
			#end
			#if ($dynamicAppContent)
			<table>
			#foreach( $key in $dynamicAppContent.keySet() )
			<tr><td>$key</td><td>$dynamicAppContent.get($key)</td></tr>
			#end
			</table>
			#end	
			#if( $footerTemplate )
			$footerTemplate
			#end
			</body>
		</html>
		]]>		
    </Body>
  <Description>
      Email Template for notifying the Manager that an Identity had ownerships during Leaver process
    </Description>
  <Signature>
    <Inputs>
      <Argument name="workflow" type="Workflow">
        <Description>The Workflow object being executed.</Description>
      </Argument>
      <Argument name="approvalSet" type="ApprovalSet">
        <Description>The ApprovalSet object contained in the workflow.</Description>
      </Argument>
      <Argument name="refIdentityDisplayName" type="string">
        <Description>The name of the Identity that is registering.</Description>
      </Argument>
      <Argument name="recipientDisplayName" type="string">
        <Description>The display name of the Identity that is registering.</Description>
      </Argument>
    </Inputs>
  </Signature>
  <Subject>User '$refIdentityDisplayName' #if($emailSubject) $emailSubject #else Ownership #end has been reassigned</Subject>
</EmailTemplate>
