<?xml version="1.0" encoding="UTF-8"?>
<!DOCTYPE Form PUBLIC "sailpoint.dtd" "sailpoint.dtd">
<!-- Copyright © 2018 SailPoint Technologies, Inc. All Rights Reserved.
All logos, text, content, and works of authorship, including but not limited to underlying code, programming or scripting language, designs, and/or graphics,
that are used and/or depicted herein are protected under United States and international copyright and trademark laws and treaties,
and may not be used or reproduced without the prior express written permission of SailPoint Technologies, Inc. -->
<Form  name="Form-Discovery-Provisioning-Policies-Baseline" type="Workflow">
    <Description>Baseline Discovery Provisioning Policies</Description>
   <Section label="Mine Application Provisioning Policies" name="roadBaselineSection" columns="2">
     <Field displayName="Select Application" name="roadApplicationSelect"  required="true" type="Application" postBack="true">
     <Attributes>
        <Map>
          <entry key="valueProperty" value="name"/>
        </Map>
    	 </Attributes>
     </Field>
     <Field displayName="Baseline Identity" helpKey="Select Baseline Identity" name="roadIdentitySelect"  required="true" type="Identity"  postBack="true" columnSpan="1">
     <Attributes>
        <Map>
          <entry key="valueProperty" value="name"/>
          <entry key="hidden">
            <value>
              <Script>
                <Source><![CDATA[
                	import sailpoint.object.Filter;
                	if(roadApplicationSelect!=void && roadApplicationSelect !=null)
                	{
                	   Filter filter= Filter.and(Filter.eq("links.application.name", roadApplicationSelect));
                	   field.setFilterString(filter.toString());
                	}
                    return false;  
								]]></Source>
              </Script>
            </value>
          </entry>
        </Map>
    	 </Attributes>
     </Field>
     <Field helpKey="Select Account Native Id" displayName="Baseline Account" name="roadNativeIdSelect"  required="true" type="string" dynamic="true" columnSpan="1">
     <AllowedValuesDefinition>
        <RuleRef>
          <Reference class="sailpoint.object.Rule" name="Rule-Allowed-NativeIds"/>
        </RuleRef>
      </AllowedValuesDefinition>
     </Field>
      <Field displayName="Add IdentityIQ Tracking Id To Target System on Any Account Action" name="roadCommentSelect"  columnSpan="1" required="false" postBack="true" dynamic="true"  type="string" helpKey="IdentityIQ Request Id will be passed to selected field, This will be applied to all policies">
          <AllowedValuesDefinition>
        <RuleRef>
          <Reference class="sailpoint.object.Rule" name="Rule-Self-Service-Mine-Application-Schema"/>
        </RuleRef>
      </AllowedValuesDefinition>
     </Field>
     <Field displayName="Add Start Date on New Account Creation"  columnSpan="1" name="roadStartField"  postBack="true" dynamic="true" required="false" type="string" helpKey="This will be applied to create policy">
        <AllowedValuesDefinition>
        <RuleRef>
          <Reference class="sailpoint.object.Rule" name="Rule-Self-Service-Mine-Application-Schema"/>
        </RuleRef>
         </AllowedValuesDefinition>
        <Attributes>
        <Map>
          <entry key="hidden">
            <value>
              <Script>
                <Source><![CDATA[
                if(form!=null && value!=null)
                {
                form.getField("roadDateFormatSelect").setRequired(true);
				}
				return false;      
				]]></Source>
              </Script>
            </value>
          </entry>
        </Map>
      </Attributes>
     </Field>
     <Field displayName="Add End Date on Termination To Target System" columnSpan="1" name="roadEndField"  required="false" postBack="true" dynamic="true" type="string" helpKey="This will be applied to disable policy">
         <Attributes>
        <Map>
          <entry key="hidden">
            <value>
              <Script>
                <Source><![CDATA[
                if(form!=null && value!=null)
                {
                form.getField("roadDateFormatSelect").setRequired(true);
				}
				return false;   
				]]></Source>
              </Script>
            </value>
          </entry>
        </Map>
      </Attributes>
          <AllowedValuesDefinition>
        <RuleRef>
          <Reference class="sailpoint.object.Rule" name="Rule-Self-Service-Mine-Application-Schema"/>
        </RuleRef>
      </AllowedValuesDefinition>
     </Field>
      <Field displayName="Add Random Password on New Account To Target System" helpKey="This will be applied to Change Password Policy"  name="roadPasssWordScramble" type="string" columnSpan="1">
      <AllowedValuesDefinition>
        <Script>
          <Source><![CDATA[
			List list = new ArrayList();	
			List displayList = new ArrayList();
			displayList.add("True");
			displayList.add("ON");
			list.add(displayList);
			displayList = new ArrayList();
			displayList.add("False");
			displayList.add("OFF");
			list.add(displayList);
			return list;
			]]></Source>
        </Script>
      </AllowedValuesDefinition>
    </Field>
      <Field displayName="Add Password Change Date To Target System"  name="roadPasssWordChangeField"  columnSpan="1" required="false" postBack="true" dynamic="true" type="string" helpKey="This will be applied to change password policy">
         <Attributes>
        <Map>
          <entry key="hidden">
            <value>
              <Script>
                <Source><![CDATA[
                if(form!=null && value!=null)
                {
                form.getField("roadDateFormatSelect").setRequired(true);
				}
				return false;   
				]]></Source>
              </Script>
            </value>
          </entry>
        </Map>
      </Attributes>
          <AllowedValuesDefinition>
        <RuleRef>
          <Reference class="sailpoint.object.Rule" name="Rule-Self-Service-Mine-Application-Schema"/>
        </RuleRef>
      </AllowedValuesDefinition>
     </Field>
     <Field  displayName="Application Password Field" name="roadPasswordSelect"  columnSpan="1" required="false" type="string" helpKey="IdentityIQ Random Password Generator will gnenerate random password, Attribute Name is only Required for Custom and In House Applications">
 <ValidationScript>
     <Source>
         <![CDATA[
        import java.util.regex.Matcher;
		import java.util.regex.Pattern;
         String regex = "^[a-zA-Z]+$";
 		 Pattern pattern = Pattern.compile(regex);
         if(value!=null)
         {
	          Matcher matcher = pattern.matcher(value);
	          if(!matcher.matches())
	          {
	          return "Numeric and Special Characters are Not Allowed";
	          }
         }
	  ]]>
        </Source>
     </ValidationScript>
     </Field>
     <Field displayName="Date Format" helpKey="Enter Start, End, Password Change Attributes Simple Date Format" name="roadDateFormatSelect" required="false" type="string" columnSpan="1">
     <ValidationScript>
     <Source>
         <![CDATA[
                import java.text.SimpleDateFormat;
                import java.text.ParseException;
                if(value!=null)
				{
					try 
					{
					    Calendar cal = Calendar.getInstance();
						SimpleDateFormat sdf = new SimpleDateFormat(value);
						Date today = Calendar.getInstance().getTime(); 
						String dateString = sdf.format( today );
						Date covertedDate = sdf.parse(dateString);
						Date newDate = new Date();
						long timeDiffInMs = covertedDate.getTime() - newDate.getTime();	        
						int days = (int) (timeDiffInMs / (1000 * 60 * 60 * 24));	
	          			if(days != 0)
						{
							return "Invalid Date Format";
						}
					} 
					catch (ParseException e) 
					{
           				 return "Invalid Date Format";
       				 }
					catch (Exception ex) 
					{
					   return "Invalid Date Format";
					}
				}
		  ]]>
        </Source>
     </ValidationScript>
     </Field>
      <Field columnSpan="1" displayName="Mining Tokens" name="roadTokensSelect"  required="false" type="string" multi="true" helpKey="Space Token is included Implicitly" displayType="radio">
      <AllowedValuesDefinition>
        <Script>
          <Source><![CDATA[
			List list = new ArrayList();	
			List displayList = new ArrayList();
			displayList.add(",");
			displayList.add("Comma");
			list.add(displayList);
			displayList = new ArrayList();
			displayList.add("#");
			displayList.add("Hash");
			list.add(displayList);
			displayList = new ArrayList();
			displayList.add("%");
			displayList.add("Percentage");
			list.add(displayList);
			displayList = new ArrayList();
			displayList.add("~");
		    displayList.add("Tilde");
			list.add(displayList);
			displayList = new ArrayList();
			displayList.add("|");
		    displayList.add("Pipe");
			list.add(displayList);
			displayList = new ArrayList();
			displayList.add("$");
		    displayList.add("Dollar");
			list.add(displayList);
		    displayList = new ArrayList();
		    displayList.add("@");
		    displayList.add("AtTheRateOf");
			list.add(displayList);
			displayList = new ArrayList();
		    displayList.add("^");
		    displayList.add("Caret");
			list.add(displayList);
			return list;
			]]></Source>
        </Script>
      </AllowedValuesDefinition>
     </Field>
     <Field displayName="Overwrite or Merge Provisioning Policies" helpKey="Policies will be either overwritten or merged" name="roadOverwriteOrMerge" required="true" type="string" columnSpan="1">
           <AllowedValuesDefinition>
        <Script>
          <Source><![CDATA[
			List list = new ArrayList();	
			List displayList = new ArrayList();
			displayList.add("OVERWRITE");
			displayList.add("OVERWRITE");
			list.add(displayList);
			displayList = new ArrayList();
			displayList.add("MERGE");
			displayList.add("MERGE");
			list.add(displayList);
			return list;
			]]></Source>
        </Script>
      </AllowedValuesDefinition>
     </Field>
 </Section>
	 <!--BUTTONS-->
 <Button action="cancel" label="Cancel"/>
 <Button action="next" label="Next"/>
</Form>
