<?xml version='1.0' encoding='UTF-8'?>
<!DOCTYPE sailpoint PUBLIC "sailpoint.dtd" "sailpoint.dtd">
<!-- Copyright © 2018 SailPoint Technologies, Inc. All Rights Reserved.
All logos, text, content, and works of authorship, including but not limited to underlying code, programming or scripting language, designs, and/or graphics,
that are used and/or depicted herein are protected under United States and international copyright and trademark laws and treaties,
and may not be used or reproduced without the prior express written permission of SailPoint Technologies, Inc. -->
<sailpoint>
<ImportAction name='merge'>
<ObjectConfig name="Application">
	<!-- TICKET INTEGRATION -->
		<ObjectAttribute defaultValue="" categoryName="Ticket Integration"
		displayName="Ticket Assignment Group Name" editMode="Permanent"
		name="assignmentGroupname" type="string">
		<Description></Description>
	</ObjectAttribute>
	<ObjectAttribute defaultValue="" categoryName="Ticket Integration"
		displayName="After Ticket Provisioning Options" editMode="Permanent"
		name="afterTicketProvisioningOptions" type="string">
		<Description></Description>
		<AllowedValues>
			<String>Do Nothing</String>
			<String>Extended Rule</String>
		</AllowedValues>
	</ObjectAttribute>
	<ObjectAttribute defaultValue="" categoryName="Ticket Integration"
		displayName="After Ticket Provisioning Extended Rule" editMode="Permanent"
		name="afterticketprovisioningExtendedrule" type="string">
		<Description></Description>
	</ObjectAttribute>
	</ObjectConfig>
	</ImportAction>
</sailpoint>
