<?xml version='1.0' encoding='UTF-8'?>
<!DOCTYPE sailpoint PUBLIC "sailpoint.dtd" "sailpoint.dtd">
<!-- Copyright © 2018 SailPoint Technologies, Inc. All Rights Reserved.
All logos, text, content, and works of authorship, including but not limited to underlying code, programming or scripting language, designs, and/or graphics,
that are used and/or depicted herein are protected under United States and international copyright and trademark laws and treaties,
and may not be used or reproduced without the prior express written permission of SailPoint Technologies, Inc. -->
<sailpoint>
<ImportAction name='merge'>
<ObjectConfig name="Application">
	<!-- ATTRIBUTE SYNCHRONIZATION -->
	<ObjectAttribute categoryName="Attribute Synchronization"
		defaultValue="" displayName="Evaluate Create Provisioning Policy" editMode="Permanent" name="evaluateCreateprovpolicy">
		<Description>Attribute Synchronization for Accounts based on Create Policy</Description>
	</ObjectAttribute>
	<ObjectAttribute categoryName="Attribute Synchronization"
	displayName="Rename / Move LDAP Account (DN AND/OR CN Change)" editMode="Permanent" name="renameLDAPaccount" type="boolean">
		<Description>Rename / Move LDAP Account</Description>
	</ObjectAttribute>
	<ObjectAttribute categoryName="Attribute Synchronization"
	displayName="Is Identity Eligible For Attribute Synchronization Rule" editMode="Permanent" name="apAttributeSyncEligibleRule">
		<Description>Rename / Move LDAP Account</Description>
	</ObjectAttribute>
	</ObjectConfig>
	</ImportAction>
</sailpoint>
