<?xml version="1.0" encoding="UTF-8"?>
<!DOCTYPE Custom PUBLIC "sailpoint.dtd" "sailpoint.dtd">
<!-- Copyright © 2018 SailPoint Technologies, Inc. All Rights Reserved.
All logos, text, content, and works of authorship, including but not limited to underlying code, programming or scripting language, designs, and/or graphics,
that are used and/or depicted herein are protected under United States and international copyright and trademark laws and treaties,
and may not be used or reproduced without the prior express written permission of SailPoint Technologies, Inc. -->
<Custom name="Custom-Ticket-Settings">
  <Attributes>
    <Map>
      <entry key="TICKET SETTINGS">
        <value>
          <Map>
            <!--  The maximum number of status checks that will be tried before failure 
       		of the provisioning -->
             <entry key="provisioningMaxStatusChecks">
             <value>
             <Integer>3</Integer>
             </value>
             </entry> 
             <!--   The interval in minutes to retry the check status call -->
              <entry key="provisioningStatusCheckInterval">
             <value>
             <Integer>720</Integer>
             </value>
             </entry> 
              <entry key="optimisticProvisioningTicket" value="True"/>
             </Map>
        </value>
      </entry>
    </Map>
  </Attributes>
</Custom>
