<?xml version='1.0' encoding='UTF-8'?>
<!DOCTYPE QuickLink PUBLIC "sailpoint.dtd" "sailpoint.dtd">
<!-- Copyright © 2018 SailPoint Technologies, Inc. All Rights Reserved.
All logos, text, content, and works of authorship, including but not limited to underlying code, programming or scripting language, designs, and/or graphics,
that are used and/or depicted herein are protected under United States and international copyright and trademark laws and treaties,
and may not be used or reproduced without the prior express written permission of SailPoint Technologies, Inc. -->
<QuickLink action="workflow" category="Access" cssClass="quicklink-manage-passwords" messageKey="Change Password" name="Change Password" ordering="6">
  <Description>Change Password</Description>
  <Attributes>
    <Map>
     <entry key="workflowName" value="Workflow-Change-Password"/>
    </Map>
  </Attributes>
  <QuickLinkOptions allowSelf="true">
    <DynamicScopeRef>
      <Reference class="sailpoint.object.DynamicScope" name="Self Service"/>
    </DynamicScopeRef>
  </QuickLinkOptions>
  <QuickLinkOptions allowOther="true">
    <DynamicScopeRef>
      <Reference class="sailpoint.object.DynamicScope" name="Help Desk"/>
    </DynamicScopeRef>
  </QuickLinkOptions>
</QuickLink>
