<?xml version="1.0" encoding="UTF-8"?>
<!DOCTYPE Application PUBLIC "sailpoint.dtd" "sailpoint.dtd">
<!-- Copyright © 2018 SailPoint Technologies, Inc. All Rights Reserved.
All logos, text, content, and works of authorship, including but not limited to underlying code, programming or scripting language, designs, and/or graphics,
that are used and/or depicted herein are protected under United States and international copyright and trademark laws and treaties,
and may not be used or reproduced without the prior express written permission of SailPoint Technologies, Inc. -->
<Application connector="sailpoint.connector.DelimitedFileConnector" featuresString="DIRECT_PERMISSIONS, NO_RANDOM_ACCESS, DISCOVER_SCHEMA" icon="enterpriseIcon" name="Extended Form" profileClass="" type="DelimitedFile">
  <Attributes>
    <Map>
      <entry key="accountCreateConditionalRule"/>
      <entry key="accountCreateEntitlements"/>
      <entry key="accountDisableAttrExpression"/>
      <entry key="accountLockAttrExpression"/>
      <entry key="additionalAppBusApprovalRule"/>
      <entry key="additionalAppBusApprovers"/>
      <entry key="afterProvisioningRule"/>
      <entry key="appBusApprovalRule"/>
      <entry key="appBusApprovers"/>
      <entry key="beforeProvisioningRule"/>
      <entry key="beforemoveAccount" value="Do Nothing"/>
      <entry key="beforemoverAccount" value="Do Nothing"/>
      <entry key="busApp">
        <value>
          <Boolean/>
        </value>
      </entry>
      <entry key="commentsAttr"/>
      <entry key="commentsValue"/>
      <entry key="compositeDefinition"/>
      <entry key="displayFormRule"/>
      <entry key="eligibilityExpression"/>
      <entry key="birthrightEntAttrExpression"/>
      <entry key="privilegedEntAttrExpression"/>
      <entry key="file" value="Empty"/>
      <entry key="filetransport" value="local"/>
      <entry key="filterEmptyRecords">
        <value>
          <Boolean>true</Boolean>
        </value>
      </entry>
      <entry key="group.filetransport" value="local"/>
      <entry key="group.filterEmptyRecords">
        <value>
          <Boolean>true</Boolean>
        </value>
      </entry>
      <entry key="group.partitionMode" value="auto"/>
      <entry key="hasHeader">
        <value>
          <Boolean>true</Boolean>
        </value>
      </entry>
      <entry key="indexColumn" value="ID"/>
      <entry key="isCaseInsensitiveMerge">
        <value>
          <Boolean/>
        </value>
      </entry>
      <entry key="joinerEnabled">
      </entry>
      <entry key="isSortedByIndexColumn">
        <value>
          <Boolean/>
        </value>
      </entry>
      <entry key="joinerPopulationRegex"/>
      <entry key="loaExtendedRule"/>
      <entry key="loaProcess" value="Do Nothing"/>
      <entry key="ltdExtendedRule"/>
      <entry key="ltdProcess" value="Do Nothing"/>
      <entry key="mergeRows">
        <value>
          <Boolean/>
        </value>
      </entry>
      <entry key="moveAccountContainer"/>
      <entry key="moverExtendedRule"/>
      <entry key="moverProcess" value="Do Nothing"/>
      <entry key="moverRevocation" value="Do Nothing"/>
      <entry key="nativeChangeDetectionAttributeScope" value="entitlements"/>
      <entry key="nativeChangeDetectionAttributes"/>
      <entry key="nativeChangeDetectionEnabled">
        <value>
          <Boolean/>
        </value>
      </entry>
      <entry key="nativeChangeDetectionOperations"/>
      <entry key="nativeChangeProcess" value="Do Nothing"/>
      <entry key="parseType" value="delimited"/>
      <entry key="partitionMode" value="auto"/>
      <entry key="scramblePasswordAttr"/>
      <entry key="policyType" value="Do Nothing"/>
      <entry key="policytypeExceptions"/>
      <entry key="privilegedAccountAttrExpression"/>
      <entry key="accountCorrelationAttrExpression"/>
      <entry key="rehireExtendedRule"/>
      <entry key="rehireProcess" value="Do Nothing"/>
      <entry key="removeEntitlementLeaverExceptionExpression"/>
      <entry key="reverseTerminationExtendedRule"/>
      <entry key="reverseleaverProcess" value="Do Nothing"/>
      <entry key="rtwLOAExtendedRule"/>
      <entry key="rtwLTDxtendedRule"/>
      <entry key="rtwloaProcess" value="Do Nothing"/>
      <entry key="rtwltdProcess" value="Do Nothing"/>
      <entry key="serviceAccountAttrExpression"/>
      <entry key="skipSupervisorApproval"/>
      <entry key="stopIfLineHasWrongColumnLength">
        <value>
          <Boolean/>
        </value>
      </entry>
      <entry key="sysDescriptions">
        <value>
          <Map>
            <entry key="en_US"/>
          </Map>
        </value>
      </entry>
      <entry key="templateApplication" value="DelimitedFile Template"/>
      <entry key="terminationExtendedRule"/>
      <entry key="terminationProcess" value="Do Nothing"/>
      <entry key="txCombinationName"/>
      <entry key="xDays"/>
    </Map>
  </Attributes>
  <Owner>
    <Reference class="sailpoint.object.Identity" name="spadmin"/>
  </Owner>
  <Schemas>
    <Schema displayAttribute="NAME" identityAttribute="ID" instanceAttribute="" nativeObjectType="account" objectType="account" permissionsRemediationModificationType="None">
      <AttributeDefinition name="ID" required="true" type="string">
        <Description/>
      </AttributeDefinition>
    </Schema>
  </Schemas>
  <ApplicationScorecard/>
</Application>
