<?xml version='1.0' encoding='UTF-8'?>
<!DOCTYPE DynamicScope PUBLIC "sailpoint.dtd" "sailpoint.dtd">
<DynamicScope name="Help Desk">
  <ApplicationRequestControl>
    <Reference class="sailpoint.object.Rule"  name="Objects in Requestor&apos;s Authorized Scopes"/>
  </ApplicationRequestControl>
  <ManagedAttributeRequestControl>
    <Reference class="sailpoint.object.Rule" name="Rule-FrameWorkRegularEntitlements"/>
  </ManagedAttributeRequestControl>
  <PopulationRequestAuthority>
    <MatchConfig customControl="(correlated == true)" enableCustomControl="true" matchAll="true"/>
  </PopulationRequestAuthority>
  <RoleRequestControl>
    <Reference class="sailpoint.object.Rule" name="Rule-FrameWorkRegularRoles"/>
  </RoleRequestControl>
  <Selector>
    <IdentitySelector>
      <MatchExpression>
        <MatchTerm name="capabilities" value="HelpDesk"/>
      </MatchExpression>
    </IdentitySelector>
  </Selector>
</DynamicScope>
