<?xml version="1.0" encoding="UTF-8"?>
<!DOCTYPE ImportAction PUBLIC "sailpoint.dtd" "sailpoint.dtd">
<!-- Copyright © 2018 SailPoint Technologies, Inc. All Rights Reserved.
All logos, text, content, and works of authorship, including but not limited to underlying code, programming or scripting language, designs, and/or graphics,
that are used and/or depicted herein are protected under United States and international copyright and trademark laws and treaties,
and may not be used or reproduced without the prior express written permission of SailPoint Technologies, Inc. -->
<ImportAction name="connectorRegistryUpdateAction">
  	<Application connector="sailpoint.rapidonboarding.connector.LoopbackConnector" featuresString="AUTHENTICATE, PASSWORD, SYNC_PROVISIONING, PROVISIONING, SEARCH" icon="databaseIcon" name="IdentityIQ Loopback Connector" type="IdentityIQ Loopback Connector">
	<Attributes>
		<Map>
			<entry key="formPath" value="IdentityIQLoopback.xhtml"/>
			<entry key="ignoreNonCorrelatedIdentities" value="false" />
			<entry key="ignoreIdentitiesWithNoEntitlements" value="false" />
			<entry key="identiyFilter" value="" />
			<entry key="attributeTransformMap">
				<value>
					<Map>
						<entry key="assignedRoles.name" value="assignedRoles"/>
						<entry key="capabilities.name" value="Capabilities"/>
						<entry key="workgroups.name" value="workgroups"/>
					</Map>
				</value>
			</entry>
			<entry key="sailpointObjectClassFilters">
				<value>
					<Map>
						<entry key="Identity" value="workgroup == false"/>
						<entry key="Workgroup" value="workgroup == true"/>
						<entry key="Bundle" value="type.in({&quot;business&quot;})"/>
					</Map>
				</value>
			</entry>
		</Map>
	</Attributes>
	<Schemas>
		<Schema	displayAttribute="name"	identityAttribute="name" instanceAttribute="" nativeObjectType="Identity" objectType="account" permissionsRemediationModificationType="None">
			<AttributeDefinition name="name" remediationModificationType="None" required="true" type="string">
				<Description>Account name</Description>
			</AttributeDefinition>
			<AttributeDefinition name="firstname" remediationModificationType="None" type="string">
				<Description>First name</Description>
			</AttributeDefinition>
			<AttributeDefinition name="lastname" remediationModificationType="None" type="string">
				<Description>Last name</Description>
			</AttributeDefinition>
			<AttributeDefinition name="displayName" remediationModificationType="None" type="string">
				<Description>Display name</Description>
			</AttributeDefinition>
			<AttributeDefinition entitlement="true" managed="true" multi="true" name="workgroups.name" remediationModificationType="None" schemaObjectType="workgroup" type="string">
				<Description>Identity's workgroups</Description>
			</AttributeDefinition>
			<AttributeDefinition entitlement="true" managed="true" multi="true" name="capabilities.name" remediationModificationType="None" schemaObjectType="capability" type="string">
				<Description>Identity's capabilities</Description>
			</AttributeDefinition>
			<AttributeDefinition  name="inactive" remediationModificationType="None" type="string">
				<Description>Identity's inactive flag</Description>
			</AttributeDefinition>
		</Schema>
		<Schema displayAttribute="name" identityAttribute="name" instanceAttribute="" nativeObjectType="Workgroup" objectType="workgroup" permissionsRemediationModificationType="None">
			<AttributeDefinition name="name" remediationModificationType="None" required="true" type="string">
				<Description>Workgroup name</Description>
			</AttributeDefinition>
			<AttributeDefinition name="displayName" remediationModificationType="None" type="string">
				<Description>Display name</Description>
			</AttributeDefinition>
			<AttributeDefinition entitlement="true" multi="true" name="capabilities.name" schemaObjectType="capability" type="string">
										<Description>Workgroups Capabilities</Description>
								</AttributeDefinition>
		</Schema>
		<Schema displayAttribute="name" identityAttribute="name" instanceAttribute="" nativeObjectType="Capability" objectType="capability" permissionsRemediationModificationType="None">
			<AttributeDefinition name="name" remediationModificationType="None" required="true" type="string">
				<Description>Capability name</Description>
			</AttributeDefinition>
		</Schema>
	</Schemas>
</Application>
</ImportAction>
