<?xml version="1.0" encoding="UTF-8"?>
<!DOCTYPE QuickLink PUBLIC "sailpoint.dtd" "sailpoint.dtd">
<!-- Copyright © 2018 SailPoint Technologies, Inc. All Rights Reserved.
All logos, text, content, and works of authorship, including but not limited to underlying code, programming or scripting language, designs, and/or graphics,
that are used and/or depicted herein are protected under United States and international copyright and trademark laws and treaties,
and may not be used or reproduced without the prior express written permission of SailPoint Technologies, Inc. -->
<QuickLink action="requestAccess" category="Operations" messageKey="Activate Identity Access" name="QuickLink-ActivateIdentityAccess" ordering="2">
  <Description>Request FireFighter Access</Description>
  <QuickLinkOptions allowOther="true">
    <DynamicScopeRef>
      <Reference class="sailpoint.object.DynamicScope" name="FireFighter"/>
    </DynamicScopeRef>
    <Attributes>
      <Map>
        <entry key="allowRequestEntitlements">
          <value>
            <Boolean>true</Boolean>
          </value>
        </entry>
        <entry key="allowRequestEntitlementsAdditionalAccountRequests">
          <value>
            <Boolean/>
          </value>
        </entry>
        <entry key="allowRequestEntitlementsRemove">
          <value>
            <Boolean>true</Boolean>
          </value>
        </entry>
        <entry key="allowRequestEntitlementsShowPopulation">
          <value>
            <Boolean>true</Boolean>
          </value>
        </entry>
        <entry key="allowRequestRoles">
          <value>
            <Boolean>true</Boolean>
          </value>
        </entry>
        <entry key="allowRequestRolesAdditionalAccountRequests">
          <value>
            <Boolean/>
          </value>
        </entry>
        <entry key="allowRequestRolesRemove">
          <value>
            <Boolean>true</Boolean>
          </value>
        </entry>
        <entry key="allowRequestRolesShowPopulation">
          <value>
            <Boolean>true</Boolean>
          </value>
        </entry>
      </Map>
    </Attributes>
  </QuickLinkOptions>
</QuickLink>
