<?xml version='1.0' encoding='UTF-8'?>
<!DOCTYPE Workflow PUBLIC "sailpoint.dtd" "sailpoint.dtd">
<!-- Copyright © 2018 SailPoint Technologies, Inc. All Rights Reserved.
All logos, text, content, and works of authorship, including but not limited to underlying code, programming or scripting language, designs, and/or graphics,
that are used and/or depicted herein are protected under United States and international copyright and trademark laws and treaties,
and may not be used or reproduced without the prior express written permission of SailPoint Technologies, Inc. -->
<Workflow  libraries="Identity,IdentityRequest" name="Interactive Request Identity Request Provision" type="Subprocess">
 <Description>Accelerator Pack Workflow</Description>
  <Variable editable="true" initializer="false" input="true" name="optimisticProvisioning">
    <Description>
      Set to true to enable optimistic provisioning.  This will cause
      changes to the entitlements compiled from role assignments to be 
      applied immediately to the identity cube rather than waiting
      for the next refresh/reaggregation after the provisioning system
      completes the request.
    </Description>
  </Variable>
  <Variable name="endDate" input="true">
	<Description>End date of the role assignment.</Description>
	</Variable>
	<Variable name="startDate" input="true">
	<Description>Start date of the role assignment.</Description>
	</Variable>
  <Variable editable="true" initializer="true" input="true" name="foregroundProvisioning">
    <Description>
      Normally provisioning is done in a step that uses the "background"
      option to force the workflow to be suspend and be resumed in a
      background task thread.  This prevents the browser session from
      hanging since provision can sometimes take a long time.  For demos
      and testing it can be better to do this in the foreground so that
      provisioning will have been performed when control is returned to the
      user.  This prevents having to run the Perform Maintenance task to 
      see the resutls of the request.
    </Description>
  </Variable>
  <Variable initializer="true" input="true" name="noFiltering"/>
  <Variable initializer="true" name="nullDecisionApproved"/>
  <Variable input="true" name="launcher"/>
  <Variable input="true" name="fallbackApprover" required="true">
    <Description>
      A String that specifies the name of the Identity that will 
      be assigned any manual actions  where the owner of the approver 
      can't be resolved. 
    </Description>
  </Variable>
   <Variable name="psaValidationError" output="true"/>
  <Variable editable="true" name="spExtAttrs"  input="true">
 </Variable>
 <Variable editable="true" name="formAttrs"  input="true">
 </Variable>
   <Variable input="true" name="enablePSA" >
  </Variable>
  <Variable input="true" name="source" >
  </Variable>
   <Variable input="true" name="flow" >
  </Variable>
    <Variable input="true" name="requestType" >
  </Variable>
  <Variable editable="true" name="doModifyProject"  input="true">
  </Variable>
  <Variable input="true" name="approvalSet">
    <Description>
       This attributes is set during the "Build Approval Set" step,
       which builds this list by going through the ProvisioningPlan
       to build the line items that need to be approved,
       This variable includes all ApprovalItems that are part of 
       the request process and is updated during the AfterScript
       of the approval process by assimilating the decisions 
       and comments from the Approvals copy of the ApprovalItem.
    </Description>
  </Variable>
  <Variable initializer="Form-Framework-IdentityUpdate" input="true" name="formTemplate">
    <Description>
      Template used when processing provisioning forms.
    </Description>
  </Variable>
  <Variable input="true" name="trace">
    <Description>
      Used for debugging this workflow and when set to true trace
      will be sent to stdout.
    </Description>
  </Variable>
  <Variable input="true" name="plan">
    <Description>
      The plan may be passed in from the Create/Update Identity workflows.
      Otherwise the passed in project's master plan is typically used.
    </Description>
  </Variable>
  <Variable input="true" name="recompile" initializer="true" />
  <Variable initializer="Pending Manual Changes" input="true" name="manualActionsEmailTemplate">
    <Description>
       Option that can be used to prevent recompilation after approval
       changes have been applied to the plan/project.
    </Description>
  </Variable>
  <Variable input="true" name="workItemComments">
    <Description>
       Global comments which should be appended to each approval item.
    </Description>
  </Variable>
     <Variable input="true" name="noTriggers">
    <Description>
      Used for debugging this subprocess and when set to true trace
      statements will be sent to stdout.
    </Description>
  </Variable>
  <Variable input="true" name="approvalScheme">
    <Description>
      A csv string that specifies how approvals should be generated for 
      the incoming request.
      The value can be any of the values below, combined together but
      are always processed in this order:
      1. manager
      2. owner
      3. securityOfficer
      Any rejected items from previous approvals will be omitted from the  
      next phase of approvers.
      none - disabled approvals
      owner - the object owner gets the approval
              For Role approvals this is the Role object owner. When dealing 
              with things like Unlock and other account level changes 
              the approvals will be assigned to the the application owner.
      manager - The manager will get all approvals
      securityOfficer - The identity named security the security in the variable
                        securityOfficerName.
    </Description>
  </Variable>
   <Variable input="true" name="identityRequestId">
    <Description>
       The ID of the IdentityRequest.
    </Description>
  </Variable>
   <Variable input="true" name="priority">
    <Description>
      String version of WorkItem.level that will be used
      to set the priority on any generated workitems for
      of forms or manual actions.
    </Description>
  </Variable>
 	<Variable input="true" name="splitProvisioning">
    <Description>
          True to denote this is a partial of the full ProvisioningPlan. This should be true in the case of LCM Provisioning
          splits.
      </Description>
  </Variable>
  <Variable input="true" name="project" output="true">
    <Description>
      ProvisioningProject which is just a compiled version of the ProvisioningPlan.
    </Description>
  </Variable>
  <Description>
      This workflow subprocess is used to provision a
      project.
      This subprocess was added in 5.5 in an effort to
      break groups of related steps into a single call
      from the top level workflow.
      It now encapsulates the following services:
        - Process approval decisions
           -- which recompiles the project
        - Post provisioning forms for user's outside of the requester
  </Description>
  <RuleLibraries>
    <Reference class="sailpoint.object.Rule" name="LCM Workflow Library"/>
  </RuleLibraries>
  <Step icon="Start" name="Start">
    <Script>
  		<Source>
  		</Source>
  	</Script>
    <Transition to="Start Provisioning Process"/>
  </Step>
  <Step action="call:addMessage" icon="Message" name="Start Provisioning Process">
    <Arg name="message" value="Modifications to $(identityDisplayName) are being provisioned."/>
    <Transition to="Recalculate Account Selection" when="script:!isNull(approvalSet)"/>
    <Transition to="Do Provisioning Forms Post-Approval" when="script:isNull(approvalSet)"/>
  </Step>
  <Step name="Recalculate Account Selection">
    <Script>
      <Source>
        <![CDATA[
       import sailpoint.rapidapponboarding.rule.ApprovalRuleLibrary;
       ApprovalRuleLibrary.recalculateAccountSelection(workflow, context);
        ]]>
      </Source>
    </Script>
    <Transition to="Process Approval Decisions"/>
  </Step>
  <Step action="call:processApprovalDecisions" icon="Task" name="Process Approval Decisions" resultVariable="project">
    <Arg name="project" value="ref:project"/>
    <Arg name="plan" value="ref:plan"/>
    <Arg name="approvalSet" value="ref:approvalSet"/>
    <Arg name="recompile" value="ref:recompile"/>
    <Arg name="disableAudit" value="true"/>
     <Arg name="spExtAttrs" value="ref:spExtAttrs"/>
    <Description>
      Dig through the ApprovalSets found in the Approval step and build an audit
      trail for the decisions.  Then for any rejected items remove them from
      the provisioning plan so they are not part of the provisioning request.
    </Description>
    <Transition to="Do Provisioning Forms Post-Approval"/>
  </Step>
  <Step icon="Task" name="Do Provisioning Forms Post-Approval">
    <Arg name="identityName" value="ref:identityName"/>
    <Arg name="identityDisplayName" value="ref:identityDisplayName"/>
    <Arg name="project" value="ref:project"/>
    <Arg name="noFiltering" value="ref:noFiltering"/>
    <Arg name="formTemplate" value="ref:formTemplate"/>
    <Arg name='preferredOwner'>
       <Script>
          <Source>
            <![CDATA[
           if(sessionOwner.equals("System") || sessionOwner.equals("Scheduler") || sessionOwner.equals("RequestHandler"))
           {
            return "spadmin";
           }
           else
           {
           return sessionOwner;
           }
           ]]>
          </Source>
        </Script>
    </Arg> 
     <Arg name='enablePSA' value='ref:enablePSA'/>
     <Arg name="source" value="ref:source"/>
    <Arg name="requestType" value="ref:requestType"/>
    <Arg name="spExtAttrs" value="ref:spExtAttrs"/>
    <Description>
      Call the standard subprocess for assembling, presenting, and assimilating
      provisioning forms that remain after approvals.
    </Description>
    <Return name="project" to="project"/>
    <Return name="psaValidationError" to="psaValidationError"/>
    <WorkflowRef>
      <Reference class="sailpoint.object.Workflow" name="Interactive Request Do Provisioning Forms"/>
    </WorkflowRef>
      <Transition to="Exit On Invalid Privileged Access" when="psaValidationError!=null"/>
    <Transition to="Pre Provision"/>
  </Step>
  <Step action="call:assimilateAccountIdChanges" icon="Task" name="Pre Provision" resultVariable="approvalSet">
    <Arg name="approvalSet" value="ref:approvalSet"/>
    <Arg name="project" value="ref:project"/>
    <Arg name="spExtAttrs" value="ref:spExtAttrs"/>
    <Arg name="priority" value="ref:priority"/>
    <Description> 
      Before we approve assimilate the result of any accountId changes that may have been compiled 
      into the plan back onto the ApprovalSet. 
    </Description>
    <Transition to="Refresh Identity Request"/>
  </Step>
  <Step action="call:refreshIdentityRequestAfterApproval" icon="Task" name="Refresh Identity Request">
    <Arg name="project" value="ref:project"/>
    <Arg name="splitProvisioning" value="ref:splitProvisioning"/>
    <Description> 
       Assimilate any approval summaries that were built up during
       the provisioning process.  
    </Description>
    <Transition to="Provision"/>
  </Step>
  <Step icon="Task" name="Provision">
      <Arg name="project" value="ref:project"/>
      <Arg name="foregroundProvisioning" value="ref:foregroundProvisioning"/>
      <Arg name="trace" value="ref:trace"/>
      <Arg name="priority" value="ref:priority"/>
      <Arg name="spExtAttrs" value="ref:spExtAttrs"/>
      <Arg name="noTriggers" value="ref:noTriggers"/>
      <Arg name="identityRequestId" value="ref:identityRequestId"/>
      <Arg name="splitProvisioning" value="ref:splitProvisioning"/>
      <Arg name="doModifyProject" value="ref:doModifyProject"/>
      <Arg name="flow" value="ref:flow"/>
      <Arg name="source" value="ref:source"/>
      <Arg name="requestType" value="ref:requestType"/>
      <Arg name="launcher" value="ref:launcher"/>
      <Arg name="formAttrs" value="ref:formAttrs"/>
      <Arg name="identityName" value="ref:identityName"/>
      <Arg name="endDate" value="ref:endDate"/>
	  <Arg name="startDate" value="ref:startDate"/>
    <Description>
      Call the standard subprocess to initialize the request, this includes
      auditing, building the approvalset, compiling the plan into 
       project and checking policy violations.
    </Description>
    <Return name="retries" to="retries"/>
    <Return name="project" to="project"/>
    <WorkflowRef>
      <Reference class="sailpoint.object.Workflow" name="Interactive Request Provision with retries"/>
    </WorkflowRef>
    <Transition to="Wait for Queued Items"/>
  </Step>
  <Step icon="Task" name="Wait for Queued Items">
    <Arg name="project" value="ref:project"/>
    <Arg name="trace" value="ref:trace"/>
    <Arg name="spExtAttrs" value="ref:spExtAttrs"/>
    <Arg name="splitProvisioning" value="ref:splitProvisioning"/>
    <Return name="project" to="project"/>
    <WorkflowRef>
      <Reference class="sailpoint.object.Workflow" name="Interactive Request Check Status of queued items"/>
    </WorkflowRef>
    <Transition to="Post Provision"/>
  </Step>
  <Step icon="Task" name="Post Provision">
    <Script>
      <Source>
       <![CDATA[
        import sailpoint.api.ObjectUtil;
        import sailpoint.tools.Util;
        import sailpoint.object.ProvisioningProject;
        if ( approvalSet != null ) {
            // Set state to pending
            approvalSet.initializeProvisioningState();
         }
        if ( project != null ) 
        {
            if ( Util.otob(trace) ) 
            {
                 // clone and scrub the project so passwords are not visible
                 ProvisioningProject clonedProject = project.deepCopy(wfcontext.getSailPointContext());
                 ObjectUtil.scrubPasswords(clonedProject);
            }
        }
         ]]>
      </Source>
    </Script>
    <Transition to="Manual Actions" when="script:project.getUnmanagedPlan() != null"/>
    <Transition to="end"/>
  </Step>
  <Step icon="Approval" name="Manual Actions">
    <Approval mode="parallelPoll" owner="rule:Build Manual Action Approvals" renderer="lcmManualActionsRenderer.xhtml" send="identityDisplayName,identityName,policyViolations">
      <AfterScript>
        <Source>
          <![CDATA[
          import sailpoint.object.ApprovalSet;
          import sailpoint.object.ApprovalItem;
          import sailpoint.object.WorkItem;
          import sailpoint.object.WorkItem;
          import sailpoint.workflow.IdentityRequestLibrary;
          if (item == null) {
              // must not be a leaf approval...
              return;
          }
          // mark all of the items finished once the item is complete
          ApprovalSet set = (ApprovalSet)item.get("approvalSet");
          if ( set != null ) {
              List approvalItems = set.getItems();
              for ( ApprovalItem approvalItem : approvalItems ) {
                  approvalItem.setState(WorkItem.State.Finished);
                  // update identity request provisioning state
                  IdentityRequestLibrary.updateIdentityRequestItemProvisioningState(approvalItem, wfcontext);
              }
          }
          // Audit the manual change
          auditManualAction(item);
          
           ]]>
        </Source>
      </AfterScript>
      <Arg name="workItemRequester" value="$(launcher)"/>
      <Arg name="spExtAttrs" value="ref:spExtAttrs"/>
      <Arg name="workItemDescription" value="Manual Changes requested for User: $(identityDisplayName)"/>
      <Arg name="workItemPriority" value="ref:priority"/>
      <Arg name="workItemType" value="ManualAction"/>
      <Arg name="workItemNotificationTemplate" value="ref:manualActionsEmailTemplate"/>
    </Approval>
    <Transition to="end"/>
  </Step>
  <Step action="call:addMessage" name="Exit On Invalid Privileged Access">
		<Arg name="message" value="ref:psaValidationError" />
		<Arg name="type" value="Error" />
		<Transition to="end" />
  </Step>
  <Step icon="Stop" name="end"/>
</Workflow>
