<?xml version='1.0' encoding='UTF-8'?>
<!DOCTYPE Workflow PUBLIC "sailpoint.dtd" "sailpoint.dtd">
<!-- Copyright © 2018 SailPoint Technologies, Inc. All Rights Reserved.
All logos, text, content, and works of authorship, including but not limited to underlying code, programming or scripting language, designs, and/or graphics,
that are used and/or depicted herein are protected under United States and international copyright and trademark laws and treaties,
and may not be used or reproduced without the prior express written permission of SailPoint Technologies, Inc. -->
<Workflow name="Interactive Request Identity Request Initialize" type='Subprocess' libraries="Identity,IdentityRequest">
  <Description>
      Accelerator Pack Workflow
      This workflow subprocess is used to initialize the various
      object necessary when executing workflows that deal
      with provisioning.
      This subprocess was added in 5.5 in an effort to
      break groups of related steps into a single call
      from the top level workflow.
      It now encapsulates the following services:
        - Compliation of the plan into a project
        - Build an approval set
           defaults to using buildApprovalSet but allows it to be passed in
        - Audit Start
        - Create the IdentityRequest object for the request tracking
        - Check policies
        - Build required forms for the launcher
  </Description>
   <Variable name='extSendRequestorNotifications' input='true'>
   </Variable>
  <Variable name='identityName' input='true' required='true'>
    <Description>
      The name of the identity object being modified.
    </Description>
  </Variable>
   <Variable name="psaValidationError" output="true"/>
  <Variable name="identityDisplayName" input='true'
            initializer='script:(identityDisplayName != void) ? identityDisplayName : resolveDisplayName(identityName)'>
    <Description>
      The displayName of the identity being updated.
      This may be passed in, if not the script queries for this
      using a projection query and falls back to the name.
    </Description>
  </Variable>
  <Variable input="true" name="endOnManualWorkItems" initializer="false" >
    <Description>Option to skip requests with manual work items.</Description>
  </Variable>
  <Variable input="true" name="endOnProvisioningForms" initializer="false" >
    <Description>Option to skip requests with provisioning forms.</Description>
  </Variable>
  <Variable input="true" name="flow">
    <Description>
      The name of the LCM flow that launched this workflow.
      This is one of these values:
     AccountsRequest
     EntitlementsRequest
     RolesRequest
     IdentityCreateRequest
     IdentityEditRequest
     ForgotPassword
     ExpiredPassword
     PasswordsRequest
     Lifecycle
     External
  	 Interceptor
	 NewAccountDependency
	 PasswordExpiration
	 PasswordsChangeRequest
	 RecoveryPassword
     PasswordsRequest
    </Description>
  </Variable>
  <Variable input="true" name="enablePSA" >
  </Variable>
  <Variable input="true" name="plan" required='true'>
    <Description>The provisioning plan ready to execute.</Description>
  </Variable>
  <Variable name='optimisticProvisioning' input='true' required='true'>
    <Description>
      Set to true to enable optimistic provisioning.  This will cause
      changes to the entitlements compiled from role assignments to be 
      applied immediately to the identity cube rather than waiting
      for the next refresh/reaggregation after the provisioning system
      completes the request.
    </Description>
  </Variable>
  	<Variable editable="true" name="requestType" input="true">
	</Variable>
	 <Variable input="true" name="source" initializer="LCM">
    <Description>
      String version of sailpoint.object.Source to indicate
      where the request originated.  Defaults to LCM.
    </Description>
  </Variable>
    <Variable  input="true" name="policiesToCheck">
		<Description>
			A List of policies that should be checked. If this list is
			empty all violations will be checked. Used in combination
			with policyScheme.
		</Description>
		<Script>
	     <Source>
	         <![CDATA[
	           import sailpoint.rapidapponboarding.rule.PolicyViolationsRuleLibrary;
	           import sailpoint.rapidapponboarding.rule.ROADUtil;
	            String isPolicySchemNone = (String)ROADUtil.getGlobalDefinitionAttribute(context,"policyScheme");
	           if(isPolicySchemNone!=null && isPolicySchemNone.length()>0 && !isPolicySchemNone.equalsIgnoreCase("None"))
		       {
		        return PolicyViolationsRuleLibrary.getPoliciesToCheck( context, plan,  requestType,  source);
               }
	      	]]>
	     </Source>
	   </Script>
	</Variable>
  <Variable input="true" name="allowRequestsWithViolations">
    <Description>
      If this variable is set to true, requesters will be able to proceed past
      the Policy Violation Review form without taking any action on
      policy violations resulting from the request.
    </Description>
  </Variable>
   <Variable name='requireViolationReviewComments' input='true'>
     <Description>
      If true, requesters will be required to enter in comments if they
      proceed with a request that will result in policy violations.
     </Description>
   </Variable>
  <Variable name="formTemplate" input="true" initializer="Form-Framework-IdentityUpdate">
    <Description>
      Template used when processing provisioning forms.
    </Description>
  </Variable>
  <Variable name="trace" input="false" initializer="false">
    <Description>
      Used for debugging this subprocess and when set to true trace
      statements will be sent to stdout.
    </Description>
  </Variable>
  <Variable initializer="continue" input="true" name="policyScheme">
    <Description>
      A String that specifies how policy checks effect the overall
      process.
      none - disabled policy checking
      interactive -  allow requester to remove request items which are causing violations
      continue -  continue if policy violations are found
      fail -  fail and exit the workflow if any policy violations are found
    </Description>
  </Variable>
  <Variable name='priority' input='true'>
    <Description>
      String version of WorkItem.level that will be used
      to set the priority of the IdentityRequest.
    </Description>
  </Variable>
  <Variable name='enableRetryRequest' input='true' initializer='false'>
    <Description>
      When set to true it will disable the workflow retry loop and let the 
      Provision step launch requests to handle the retries.  Enabling
      this flag will enable some older functionality.
    </Description>
  </Variable>
  <!-- Out -->
  <Variable name='project' output='true'>
    <Description>
      A ProvisioningProject object describing the modifications to the identity.
      This may include a list of Question objects which will 
      cause the generation of a Form and a WorkItem to solicit
      additional information necessary for provisioning.
    </Description>
  </Variable>
  <Variable name="policyViolations" output="true">
    <Description> 
       List of policy violations that were found during our initial policy scan.
       This list is passed into each work item so the approvers can see 
       pending violations.
    </Description>
  </Variable>
  <Variable name="approvalSet" output="true" input="true">
    <Description>
       This attribute is set during the "Build Approval Set" step,
       which builds this list by going through the ProvisioningPlan
       to build the line items that need to be approved.
       This variable includes all ApprovalItems that are part of 
       the request process and is updated during the AfterScript
       of the approval process by assimilating the decisions 
       and comments from the Approvals copy of the ApprovalItem.
    </Description>
  </Variable>
  <Variable name="identityRequest">
    <Description>
       The request object we get back from the create call. This is 
       primarily useful for debugging.
    </Description>
  </Variable>
  <Variable name="identityRequestId">
    <Description>
        The id of the IdentityRequest created.
    </Description>
  </Variable>
  <Variable name='violationReviewDecision' output="true">
    <Description>
     Decision made by the user in the Policy Violation Review step.
     This may be one of three choices:
     -ignore:   User is ignoring the violations and letting the request continue. If
                 requireViolationReviewComments=true the user will be required to enter
                 comments indicating why they are allowing the violations.
     -remediate: Indicates that the user removed the request items that were causing the
                 violations
     -cancel:   Indicates that the user decided to abandon the request, terminating the workflow.
    </Description>
  </Variable>
  <Variable name="workItemComments">
    <Description>
      Global comments accumulated during the workflow which should be shared
      with other approvals. When a new approval is created, the comments in this
      list will be added to the work item.
    </Description>
  </Variable>
  <Variable input="true" name="asyncCacheRefresh">
    <Description>
      Set to true to enable asynchronous refresh of the policy and role
      caches.  This speeds up response time for the LCM user, but you
      may want to disable this during demonstrations after editing
      the role or policy models.  This may also be enabled globally
      in the system configuration.  This variable overrides the
      system configuration if it has a value.
    </Description>
  </Variable>
    <Variable editable="true" name="spExtAttrs"  input="true">
 </Variable>
 <Variable editable="true" initializer="true" name="noFiltering"  input="true">
 </Variable>
 <Variable editable="true" name="noApplicationTemplates"  input="true">
 </Variable>
 <Variable editable="true" name="skipBatchApprovals" input="true"/>
  <Step icon="Start" name="Start">
    <Transition to="Compile Project"/>
  </Step>
  <Step name="Compile Project" resultVariable='project' action="compileProvisioningProject" icon="Task" >
    <Arg name="identityName" value="ref:identityName"/>
    <Arg name="plan" value="ref:plan"/>
    <Arg name="requester" value="ref:launcher"/>
    <Arg name="source" value="ref:source"/>
    <Arg name="optimisticProvisioning" value="ref:optimisticProvisioning"/>
    <Arg name="disableRetryRequest" value="!ref:enableRetryRequest"/>
    <Arg name="noApplicationTemplates" value="ref:noApplicationTemplates"/>
    <Arg name="noFiltering" value="ref:noFiltering"/>
    <Arg name="spExtAttrs" value="ref:spExtAttrs"/>
    <Arg name="noLocking">
      <Script>
        <Source>
        	<![CDATA[ 
        	// AS PER PATCH 6 ANYTHING THAT REQUIRES APPROVALS SO NOLOCKING SHOULD BE FALSE (WHICH MEANS DO LOCKING)
            boolean noLocking = false;
            boolean checkBatch = false;
            if (skipBatchApprovals != null && skipBatchApprovals.equals("true")) {
           		checkBatch = true;
            }
            if (!("CART REQUEST FEATURE".equalsIgnoreCase(requestType) || checkBatch)) {
               noLocking = true;
            }
            return noLocking;
            ]]>
        </Source>
      </Script>
    </Arg>  
    <Transition to="end" when="script:(isTrue(endOnManualWorkItems) &amp;&amp; (project.getUnmanagedPlan() != null))" />
    <Transition to="end" when="script:(isTrue(endOnProvisioningForms) &amp;&amp; (project.hasQuestions()))" />
    <Transition to="Build Approval Set" when='script:isNull(approvalSet)'/>
    <Transition to="Check Policies" when='script:(!policyScheme.equals(&quot;none&quot;))'/>
   <Transition to="Rebuild Approval Set">
    <Script>
  		<Source>
  		 <![CDATA[ 
		Boolean result=true;
	    if(flow!=null && flow.equalsIgnoreCase("IdentityCreateRequest"))
		{
		 result=false;
		}
	    return result;
	    ]]> 
  		</Source>
  	</Script>
    </Transition>   
    <Transition to="Audit Start"/> 
  </Step>
  <Step name='Build Approval Set' action='call:buildApprovalSet' resultVariable='approvalSet'>
    <Arg name='plan' value='ref:plan'/>
    <Return name='approvalSet' to='approvalSet'/> 
    <Transition to="Check Policies" when='script:(!policyScheme.equals(&quot;none&quot;))'/>
    <Transition to="Rebuild Approval Set"/> 
  </Step>
  <Step name='Check Policies'>
    <WorkflowRef>
      <Reference class='Workflow' name='Interactive Request Identity Request Violation Review'/>
    </WorkflowRef>
    <Arg name="identityName" value="ref:identityName"/>
    <Arg name="identityDisplayName" value="ref:identityDisplayName"/>
    <Arg name="source" value="ref:source"/>
    <Arg name="requestType" value="ref:requestType"/>
    <Arg name="noFiltering" value="ref:noFiltering"/>
     <Arg name="spExtAttrs" value="ref:spExtAttrs"/>
    <Arg name='project' value='ref:project'/>
    <Arg name='plan' value='ref:plan'/>
    <Arg name='approvalSet' value='ref:approvalSet'/>
    <Arg name='policyScheme' value='ref:policyScheme'/>
    <Arg name="policiesToCheck" value="ref:policiesToCheck"/>
    <Arg name="priority" value="ref:priority"/>
    <Arg name="optimisticProvisioning" value="ref:optimisticProvisioning"/>
    <Arg name="flow" value="ref:flow"/>
    <Arg name="asyncCacheRefresh" value="ref:asyncCacheRefresh"/>
    <Arg name="requireViolationReviewComments" value="ref:requireViolationReviewComments"/>
    <Arg name="allowRequestsWithViolations" value="ref:allowRequestsWithViolations"/>
    <Arg name="extSendRequestorNotifications" value="ref:extSendRequestorNotifications"/>
    <Return name='policyViolations' to='policyViolations'/>
    <Return name='project' to='project'/>
    <Return name='plan' to='plan'/>
    <Return name='violationReviewDecision' to='violationReviewDecision'/>
    <Return name='workItemComments' to='workItemComments' merge='true'/>
    <Transition to="end" when="script:(&quot;cancel&quot;.equals(violationReviewDecision))"/>
    <Transition to="end" when="script:((policyScheme.equals(&quot;fail&quot;) &amp;&amp; (size(policyViolations) > 0 )  ))"/>
    <Transition to="Rebuild Approval Set"/>
  </Step>
  <Step name='Rebuild Approval Set' action='call:buildApprovalSet' resultVariable='approvalSet'>
    <Arg name='plan' value='ref:plan'/>
    <Return name='approvalSet' to='approvalSet'/>
    <Transition to="Audit Start"/>
  </Step>
  <Step  name="Audit Start" action="auditLCMStart" icon="Audit" >
    <Arg name='approvalSet' value='ref:approvalSet'/>
    <Transition to="Create Identity Request"/> 
  </Step>
  <Step name="Create Identity Request"  resultVariable='identityRequest' action="createIdentityRequest" icon="Task" >
    <Arg name="approvalSet" value="ref:approvalSet"/>
    <Arg name="flow" value="ref:flow"/>
    <Arg name="identityDisplayName" value="ref:identityDisplayName"/>
    <Arg name="project" value="ref:project"/>
    <Arg name="priority" value="ref:priority"/>
    <Transition to="Do Provisioning Forms Pre-Approval" />
  </Step>
  <Step name="Do Provisioning Forms Pre-Approval"  icon="Task">
    <Description>
      Call the standard subprocess for assembling, presenting, and assimilating
      provisioning forms that can be filled out before approvals.
    </Description>
    <WorkflowRef>
      <Reference class='Workflow' name='Interactive Request Do Provisioning Forms'/>
    </WorkflowRef>
    <Arg name='identityName' value='ref:identityName'/>
    <Arg name='identityDisplayName' value='ref:identityDisplayName'/>
    <Arg name='project' value='ref:project'/>
    <Arg name='enablePSA' value='ref:enablePSA'/>
     <Arg name="source" value="ref:source"/>
    <Arg name="requestType" value="ref:requestType"/>
     <Arg name="priority" value="ref:priority"/>
     <Arg name="noFiltering" value="ref:noFiltering"/>
    <Arg name="spExtAttrs" value="ref:spExtAttrs"/>
    <Arg name='formTemplate' value='ref:formTemplate'/>
    <Arg name="extSendRequestorNotifications" value="ref:extSendRequestorNotifications"/>
    <Arg name='requiredOwner'>
       <Script>
          <Source>
            <![CDATA[
           if(sessionOwner.equals("System") || sessionOwner.equals("Scheduler") || sessionOwner.equals("RequestHandler"))
           {
            return "spadmin";
           }
           else
           {
           return sessionOwner;
           }
           ]]>
          </Source>
        </Script>
    </Arg> 
    <Arg name='workItemComments' value='ref:workItemComments'/>
    <Return name='project' to='project'/> 
     <Return name="psaValidationError" to="psaValidationError"/>
  </Step>
  <Step icon="Stop" name="end" />
</Workflow>
