<?xml version="1.0" encoding="UTF-8"?>
<!DOCTYPE Bundle PUBLIC "sailpoint.dtd" "sailpoint.dtd">
<!-- Copyright © 2018 SailPoint Technologies, Inc. All Rights Reserved.
All logos, text, content, and works of authorship, including but not limited to underlying code, programming or scripting language, designs, and/or graphics,
that are used and/or depicted herein are protected under United States and international copyright and trademark laws and treaties,
and may not be used or reproduced without the prior express written permission of SailPoint Technologies, Inc. -->
<Bundle displayName="Business Application Roles" name="Business Application Roles" type="organizational">
  <Attributes>
    <Map>
      <entry key="accountSelectorRules"/>
      <entry key="allowDuplicateAccounts" value="false"/>
      <entry key="allowMultipleAssignments" value="false"/>
      <entry key="appName"/>
      <entry key="mergeTemplates" value="false"/>
      <entry key="sysDescriptions">
        <value>
          <Map>
            <entry key="en_US" value="This container is used for ONLY one Business Application and Technology/Platform Associations"/>
          </Map>
        </value>
      </entry>
    </Map>
  </Attributes>
  <Owner>
    <Reference class="sailpoint.object.Identity" name="spadmin"/>
  </Owner>
</Bundle>
