<?xml version='1.0' encoding='UTF-8'?>
<!DOCTYPE EmailTemplate PUBLIC "sailpoint.dtd" "sailpoint.dtd">
<!-- Copyright © 2018 SailPoint Technologies, Inc. All Rights Reserved.
All logos, text, content, and works of authorship, including but not limited to underlying code, programming or scripting language, designs, and/or graphics,
that are used and/or depicted herein are protected under United States and international copyright and trademark laws and treaties,
and may not be used or reproduced without the prior express written permission of SailPoint Technologies, Inc. -->
<EmailTemplate name="EmailTemplate-FrameworkRemediationAssignmentRemoval">
	<Body>
		<![CDATA[
		#set($ctx = $spTools.class.forName("sailpoint.api.SailPointFactory").getMethod("getFactory", null).invoke(null,null).getCurrentContext())
		#set($ruleObj = $ctx.getObjectByName($spTools.class.forName("sailpoint.object.Rule"), "Rule-Framework-Header-Footer-StyleSheet")) 
		#set($ruleArgs = { 
		    "keyEmailTemplate"  : "styleSheet"
		}) 
		#set($styleSheet = $ctx.runRule($ruleObj, $ruleArgs))
		#if( $ruleObj )
		$ctx.decache($ruleObj)
		#end
		#set($ruleObj = $ctx.getObjectByName($spTools.class.forName("sailpoint.object.Rule"), "Rule-Framework-Header-Footer-StyleSheet")) 
		#set($ruleArgs = { 
		    "keyEmailTemplate"  : "headerTemplate"
		}) 
		#set($headerTemplate = $ctx.runRule($ruleObj, $ruleArgs))
		#if( $ruleObj )
		$ctx.decache($ruleObj)
		#end
		#set($ruleObj = $ctx.getObjectByName($spTools.class.forName("sailpoint.object.Rule"), "Rule-Framework-Header-Footer-StyleSheet")) 
		#set($ruleArgs = { 
		    "keyEmailTemplate"  : "footerTemplate"
		}) 
		#set($footerTemplate = $ctx.runRule($ruleObj, $ruleArgs))
		#if( $ruleObj )
		$ctx.decache($ruleObj)
		#end
		<html>
			<head>
			<meta charset="UTF-8">	    
			#if( $styleSheet )
			$styleSheet
			#end 
			</head>
	    	<body>
	    	#if( $headerTemplate )
			$headerTemplate
			#end
			<br/>			
			#if ($requesterName) $requesterName #{else} The system #{end} has removed the following remediation item from your queue: $remediationItemName. This item is contained within the work item $workItemName.
  			<br/>
  			#if( $footerTemplate )
			$footerTemplate
			#end
			</body>
		</html>
		]]>
	</Body>
  <Description>
      Email Template for notifying remediation item assignee that a remediation item has been removed
      from their queue.
    </Description>
  <Signature>
    <Inputs>
      <Argument name="remediationItem" type="RemediationItem">
        <Description>The RemediationItem that is being reassigned.</Description>
      </Argument>
      <Argument name="remediationItemName" type="string">
        <Description>The description property of the remediationItem.</Description>
      </Argument>
      <Argument name="workItem" type="WorkItem">
        <Description>The parent WorkItem of the RemediationItem being reassigned.</Description>
      </Argument>
      <Argument name="workItemName" type="string">
        <Description>The description property of the WorkItem.</Description>
      </Argument>
      <Argument name="requesterName" type="string">
        <Description>The display name of the Identity that requested the assignment.</Description>
      </Argument>
    </Inputs>
  </Signature>
  <Subject>Remediation item assignment removed: $workItemName</Subject>
</EmailTemplate>
