<?xml version='1.0' encoding='UTF-8'?>
<!DOCTYPE IdentityTrigger PUBLIC "sailpoint.dtd" "sailpoint.dtd">
<!-- Copyright © 2018 SailPoint Technologies, Inc. All Rights Reserved.
All logos, text, content, and works of authorship, including but not limited to underlying code, programming or scripting language, designs, and/or graphics,
that are used and/or depicted herein are protected under United States and international copyright and trademark laws and treaties,
and may not be used or reproduced without the prior express written permission of SailPoint Technologies, Inc. -->
<IdentityTrigger disabled="false" handler="sailpoint.api.WorkflowTriggerHandler" name="LEAVER FEATURE" type="Rule">
  <Description>Leaver Identity have been set to INACTIVE in IdentityIQ.</Description>
  <HandlerParameters>
    <Attributes>
      <Map>
        <entry key="workflow" value="Workflow-Lifecycle-Leaver-RequestObject-Wrapper"/>
      </Map>
    </Attributes>
  </HandlerParameters>
  <TriggerRule>
    <Reference class="sailpoint.object.Rule" name="Rule-IdentityTrigger-Leaver"/>
  </TriggerRule>
   <Selector>
    <IdentitySelector>
      <PopulationRef>
        <Reference class="sailpoint.object.GroupDefinition" name="Accelerator Pack Correlated Identities"/>
      </PopulationRef>
    </IdentitySelector>
  </Selector>
</IdentityTrigger>
