<?xml version="1.0" encoding="UTF-8"?>
<!DOCTYPE Custom PUBLIC "sailpoint.dtd" "sailpoint.dtd">
<!-- Copyright © 2018 SailPoint Technologies, Inc. All Rights Reserved.
All logos, text, content, and works of authorship, including but not limited to underlying code, programming or scripting language, designs, and/or graphics,
that are used and/or depicted herein are protected under United States and international copyright and trademark laws and treaties,
and may not be used or reproduced without the prior express written permission of SailPoint Technologies, Inc. -->
<Custom name="Custom-Framework-EmailTextMapping">
  <Attributes>
    <Map>
      <entry key="CART REQUEST FEATURE">
        <value>
          <Map>
            <entry key="EmailTemplate-FrameworkApproval">
            </entry>
            <entry key="EmailTemplate-FrameworkAutoRejection">
            </entry>
            <entry key="EmailTemplate-FrameworkEscalation">
            </entry>
            <entry key="EmailTemplate-FrameworkReminder">
            </entry>
            <entry key="EmailTemplate-FrameworkRequestCompletion">
            </entry>
            <entry key="EmailTemplate-FrameworkRequestSubmission">
            </entry>
          </Map>
        </value>
      </entry>
      <entry key="JOINER FEATURE">
        <value>
          <Map>
            <entry key="EmailTemplate-FrameworkJoinerManager">
           	</entry>
            <entry key="EmailTemplate-FrameworkPasswordJoinerManager">
            </entry>
          </Map>
        </value>
      </entry>
      <entry key="JOINER REHIRE FEATURE">
        <value>
          <Map>
            <entry key="EmailTemplate-FrameworkJoinerManager">
            </entry>
            <entry key="EmailTemplate-FrameworkPasswordJoinerManager">
            </entry>
          </Map>
        </value>
      </entry>
    </Map>
  </Attributes>
</Custom>
