<?xml version='1.0' encoding='UTF-8'?>
<!DOCTYPE sailpoint PUBLIC "sailpoint.dtd" "sailpoint.dtd">
<!-- Copyright © 2018 SailPoint Technologies, Inc. All Rights Reserved.
All logos, text, content, and works of authorship, including but not limited to underlying code, programming or scripting language, designs, and/or graphics,
that are used and/or depicted herein are protected under United States and international copyright and trademark laws and treaties,
and may not be used or reproduced without the prior express written permission of SailPoint Technologies, Inc. -->
<sailpoint>
<ImportAction name='merge'>
<ObjectConfig name="Identity">
  <!-- Service Account Owner Attributes, IdentityIQ is the Authoritative Source for Ownership, no mapping required -->
  <ObjectAttribute categoryName="Service Account" displayName="Service Account Owner" editMode="ReadOnly" name="saccountOwnerone" namedColumn="true" type="string">
  </ObjectAttribute>
  <ObjectAttribute categoryName="Service Account" displayName="Service Cube" editMode="ReadOnly" name="serviceCube" namedColumn="true" type="string">
  </ObjectAttribute>
</ObjectConfig>
</ImportAction>
</sailpoint>
